label,text
ham,"\YEH I AM DEF UP4 SOMETHING SAT,""""JUST GOT PAYED2DAY & I HAVBEEN GIVEN Aå£50 PAY RISE 4MY WORK & HAVEBEEN MADE PRESCHOOLCO-ORDINATOR 2I AM FEELINGOOD LUV\"""""""""""""""""""",,"
spam,"Urgent! call 09061749602 from Landline. Your complimentary 4* Tenerife Holiday or å£10,000 cash await collection SAE T&Cs BOX 528 HP20 1YF 150ppm 18+"""",,,"
ham,"its cool but tyler had to take off so we're gonna buy for him and drop it off at his place later tonight. Our total order is a quarter, you got enough?"""",,,"
spam,"Sunshine Hols. To claim ur med holiday send a stamped self address envelope to Drinks on Us UK, PO Box 113, Bray, Wicklow, Eire. Quiz Starts Saturday! Unsub Stop"""",,,"
ham,"Omg if its not one thing its another. My cat has worms :/ when does this bad day end?,,,"
spam,"FREE NOKIA Or Motorola with upto 12mths 1/2price linerental, 500 FREE x-net mins&100txt/mth FREE B'tooth*. Call Mobileupd8 on 08001950382 or call 2optout/D3WV"""",,,"
ham,"I accidentally brought em home in the box,,,"
spam,"Enjoy the jamster videosound gold club with your credits for 2 new videosounds+2 logos+musicnews! get more fun from jamster.co.uk! 16+only Help? call: 09701213186 ,,,"
ham,"Yes:)here tv is always available in work place..,,,"
spam,"Sunshine Quiz Wkly Q! Win a top Sony DVD player if u know which country Liverpool played in mid week? Txt ansr to 82277. å£1.50 SP:Tyrone,,,"
ham,"Okie,,,"
ham,"No, but you told me you were going, before you got drunk!"""",,,"
spam,"YOU ARE CHOSEN TO RECEIVE A å£350 AWARD! Pls call claim number 09066364311 to collect your award which you are selected to receive as a valued mobile customer.,,,"
spam,"Please call our customer service representative on 0800 169 6031 between 10am-9pm as you have WON a guaranteed å£1000 cash or å£5000 prize!,,,"
spam,"07732584351 - Rodger Burns - MSG = We tried to call you re your reply to our sms for a free nokia mobile + free camcorder. Please call now 08000930705 for delivery tomorrow,,,"
spam,"PRIVATE! Your 2003 Account Statement for shows 800 un-redeemed S. I. M. points. Call 08719899230 Identifier Code: 41685 Expires 07/11/04,,,"
spam,"Sorry! U can not unsubscribe yet. THE MOB offer package has a min term of 54 weeks> pls resubmit request after expiry. Reply THEMOB HELP 4 more info,,,"
spam,"Tone Club: Your subs has now expired 2 re-sub reply MONOC 4 monos or POLYC 4 polys 1 weekly @ 150p per week Txt STOP 2 stop This msg free Stream 0871212025016,,,"
ham,"K ill drink.pa then what doing. I need srs model pls send it to my mail id pa.,,,"
ham,"Are you there in room.,,,"
spam,"Hope you enjoyed your new content. text stop to 61610 to unsubscribe. help:08712400602450p Provided by tones2you.co.uk,,,"
spam,"Auction round 4. The highest bid is now å£54. Next maximum bid is å£71. To bid, send BIDS e. g. 10 (to bid å£10) to 83383. Good luck."""",,,"
spam,"Bored of speed dating? Try SPEEDCHAT, txt SPEEDCHAT to 80155, if you don't like em txt SWAP and get a new chatter! Chat80155 POBox36504W45WQ 150p/msg rcd 16"""",,,"
ham,"meet you in corporation st outside gap Û_ you can see how my mind is working!,,,"
ham,"Night has ended for another day, morning has come in a special way. May you smile like the sunny rays and leaves your worries at the blue blue bay."""",,,"
spam,"Twinks, bears, scallies, skins and jocks are calling now. Don't miss the weekend's fun. Call 08712466669 at 10p/min. 2 stop texts call 08712460324(nat rate)"""",,,"
spam,"You won't believe it but it's true. It's Incredible Txts! Reply G now to learn truly amazing things that will blow your mind. From O2FWD only 18p/txt,,,"
spam,"Camera - You are awarded a SiPix Digital Camera! call 09061221066 fromm landline. Delivery within 28 days.,,,"
ham,"Purity of friendship between two is not about smiling after reading the forwarded message..Its about smiling just by seeing the name. Gud evng musthu,,,"
ham,"Not for possession, especially not first offense"""",,,"
ham,"Sent me ur email id soon,,,"
ham,"God bless.get good sleep my dear...i will pray!,,,"
ham,"Mum ask Ì_ to buy food home...,,,"
ham,"In da car park ,,,"
spam,"Text & meet someone sexy today. U can find a date or even flirt its up to U. Join 4 just 10p. REPLY with NAME & AGE eg Sam 25. 18 -msg recd@thirtyeight pence,,,"
spam,"Wan2 win a Meet+Greet with Westlife 4 U or a m8? They are currently on what tour? 1)Unbreakable, 2)Untamed, 3)Unkempt. Text 1,2 or 3 to 83049. Cost 50p +std text"""",,,"
spam,"We tried to contact you re your reply to our offer of 750 mins 150 textand a new video phone call 08002988890 now or reply for free delivery tomorrow,,,"
spam,"okmail: Dear Dave this is your final notice to collect your 4* Tenerife Holiday or #5000 CASH award! Call 09061743806 from landline. TCs SAE Box326 CW25WX 150ppm,,,"
ham,"Depends on where u going lor.,,,"
ham,"We are okay. Going to sleep now. Later,,,"
ham,"Pls dont forget to study,,,"
spam,"Free Top ringtone -sub to weekly ringtone-get 1st week free-send SUBPOLY to 81618-?3 per week-stop sms-08718727870,,,"
spam,"Urgent UR awarded a complimentary trip to EuroDisinc Trav, Aco&Entry41 Or å£1000. To claim txt DIS to 87121 18+6*å£1.50(moreFrmMob. ShrAcomOrSglSuplt)10, LS1 3AJ"""",,,"
ham,"V-aluable. A-ffectionate. L-oveable. E-ternal. N-oble. T-ruthful. I-ntimate. N-atural. E-namous. Happy \VALENTINES DAY\"""""""" in advance"""""""""""",,,"
spam,"We know someone who you know that fancies you. Call 09058097218 to find out who. POBox 6, LS15HB 150p"""",,,"
ham,"Eek that's a lot of time especially since American Pie is like 8 minutes long. I can't stop singing it.,,,"
spam,"You have won a Nokia 7250i. This is what you get when you win our FREE auction. To take part send Nokia to 86021 now. HG/Suite342/2Lands Row/W1JHL 16+,,,"
ham,"Derp. Which is worse, a dude who always wants to party or a dude who files a complaint about the three drug abusers he lives with"""",,,"
spam,"URGENT! Last weekend's draw shows that you have won å£1000 cash or a Spanish holiday! CALL NOW 09050000332 to claim. T&C: RSTM, SW7 3SS. 150ppm"""",,,"
ham,"Ok can...,,,"
ham,"Lemme know when I can swing by and pick up, I'm free basically any time after 1 all this semester"""",,,"
spam,"22 days to kick off! For Euro2004 U will be kept up to date with the latest news and results daily. To be removed send GET TXT STOP to 83222,,,"
spam,"it to 80488. Your 500 free text messages are valid until 31 December 2005.,,,"
ham,"hey, looks like I was wrong and one of the kappa guys numbers is still on my phone, if you want I can text him and see if he's around"""",,,"
ham,"Dunno lei... I thk mum lazy to go out... I neva ask her yet...,,,"
ham,"Yeah just open chat and click friend lists. Then make the list. Easy as pie,,,"
spam,"No 1 POLYPHONIC tone 4 ur mob every week! Just txt PT2 to 87575. 1st Tone FREE ! so get txtin now and tell ur friends. 150p/tone. 16 reply HL 4info,,,"
spam,"You won't believe it but it's true. It's Incredible Txts! Reply G now to learn truly amazing things that will blow your mind. From O2FWD only 18p/txt,,,"
ham,"I had askd u a question some hours before. Its answer,,,"
ham,"Just sent again. Do you scream and moan in bed, princess?"""",,,"
spam,"INTERFLORA - åÒIt's not too late to order Interflora flowers for christmas call 0800 505060 to place your order before Midnight tomorrow.,,,"
spam,"4mths half price Orange line rental & latest camera phones 4 FREE. Had your phone 11mths ? Call MobilesDirect free on 08000938767 to update now! or2stoptxt,,,"
ham,"Cool, text me when you're ready"""",,,"
spam,"Reminder: You have not downloaded the content you have already paid for. Goto http://doit. mymoby. tv/ to collect your content.,,,"
ham,"Hey now am free you can call me.,,,"
ham,"Babe? You said 2 hours and it's been almost 4 ... Is your internet down ?,,,"
spam,"Customer Loyalty Offer:The NEW Nokia6650 Mobile from ONLY å£10 at TXTAUCTION! Txt word: START to No: 81151 & get yours Now! 4T&Ctxt TC 150p/MTmsg,,,"
ham,"Hui xin is in da lib.,,,"
spam,"U have a secret admirer. REVEAL who thinks U R So special. Call 09065174042. To opt out Reply REVEAL STOP. 1.50 per msg recd. Cust care 07821230901,,,"
ham,"Dhoni have luck to win some big title.so we will win:),,,"
ham,"Awww dat is sweet! We can think of something to do he he! Have a nice time tonight ill probably txt u later cos im lonely :( xxx.,,,"
spam,"we tried to contact you re your response to our offer of a new nokia fone and camcorder hit reply or call 08000930705 for delivery,,,"
spam,"Free tones Hope you enjoyed your new content. text stop to 61610 to unsubscribe. help:08712400602450p Provided by tones2you.co.uk,,,"
ham,"Aight, I'll hit you up when I get some cash"""",,,"
ham,"Is avatar supposed to have subtoitles,,,"
ham,"Oh baby of the house. How come you dont have any new pictures on facebook,,,"
spam,"Do you want 750 anytime any network mins 150 text and a NEW video phone for only five pounds per week call 08000776320 now or reply for delivery Tomorrow,,,"
spam,"Win a å£1000 cash prize or a prize worth å£5000,,,"
spam,"Double Mins & 1000 txts on Orange tariffs. Latest Motorola, SonyEricsson & Nokia with Bluetooth FREE! Call MobileUpd8 on 08000839402 or call2optout/HF8"""",,,"
ham,"\OH FUCK. JUSWOKE UP IN A BED ON A BOATIN THE DOCKS. SLEPT WID 25 YEAR OLD. SPINOUT! GIV U DA GOSSIP L8R. XXX\"""""""""""""""""""",,,"
ham,"He remains a bro amongst bros,,,"
ham,"X2  &lt;#&gt; . Are you going to get that,,,"
spam,"Thanks for your ringtone order, ref number K718. Your mobile will be charged å£4.50. Should your tone not arrive please call customer services on 09065069120"""",,,"
ham,"Yes princess! I want to please you every night. Your wish is my command...,,,"
ham,"Thank you so much. When we skyped wit kz and sura, we didnt get the pleasure of your company. Hope you are good. We've given you ultimatum oh! We are countin down to aburo. Enjoy!"""",,,"
spam,"From next month get upto 50% More Calls 4 Ur standard network charge 2 activate Call 9061100010 C Wire3.net 1st4Terms PoBox84 M26 3UZ Cost å£1.50 min MobcudB more,,,"
spam,"URGENT! We are trying to contact U. Todays draw shows that you have won a å£800 prize GUARANTEED. Call 09050001808 from land line. Claim M95. Valid12hrs only,,,"
ham,"Are you this much buzy,,,"
spam,"Want to funk up ur fone with a weekly new tone reply TONES2U 2 this text. www.ringtones.co.uk, the original n best. Tones 3GBP network operator rates apply"""",,,"
spam,"Want a new Video Phone? 750 anytime any network mins? Half price line rental free text for 3 months? Reply or call 08000930705 for free delivery,,,"
spam,"GSOH? Good with SPAM the ladies?U could b a male gigolo? 2 join the uk's fastest growing mens club reply ONCALL. mjzgroup. 08714342399.2stop reply STOP. msg@å£1.50rcvd,,,"
spam,"Moby Pub Quiz.Win a å£100 High Street prize if u know who the new Duchess of Cornwall will be? Txt her first name to 82277.unsub STOP å£1.50 008704050406 SP,,,"
ham,"Dont talk to him ever ok its my word.,,,"
spam,"No. 1 Nokia Tone 4 ur mob every week! Just txt NOK to 87021. 1st Tone FREE ! so get txtin now and tell ur friends. 150p/tone. 16 reply HL 4info,,,"
spam,"HOT LIVE FANTASIES call now 08707509020 Just 20p per min NTT Ltd, PO Box 1327 Croydon CR9 5WB 0870 is a national rate call"""",,,"
spam,"BangBabes Ur order is on the way. U SHOULD receive a Service Msg 2 download UR content. If U do not, GoTo wap. bangb. tv on UR mobile internet/service menu"""",,,"
spam,"URGENT!! Your 4* Costa Del Sol Holiday or å£5000 await collection. Call 09050090044 Now toClaim. SAE, TC s, POBox334, Stockport, SK38xh, Costå£1.50/pm, Max10mins"""",,,"
ham,"I've got  &lt;#&gt; , any way I could pick up?"""",,,"
spam,"Shop till u Drop, IS IT YOU, either 10K, 5K, å£500 Cash or å£100 Travel voucher, Call now, 09064011000. NTT PO Box CR01327BT fixedline Cost 150ppm mobile vary"""",,,"
ham,"Hi, can i please get a  &lt;#&gt;  dollar loan from you. I.ll pay you back by mid february. Pls."""",,,"
spam,"Welcome to UK-mobile-date this msg is FREE giving you free calling to 08719839835. Future mgs billed at 150p daily. To cancel send \go stop\"""""""" to 89123"""""""""""",,,"
ham,"Great! I have to run now so ttyl!,,,"
ham,"K, can that happen tonight?"""",,,"
ham,"Just finished eating. Got u a plate. NOT leftovers this time.,,,"
spam,"You'll not rcv any more msgs from the chat svc. For FREE Hardcore services text GO to: 69988 If u get nothing u must Age Verify with yr network & try again,,,"
ham,"Yeah he got in at 2 and was v apologetic. n had fallen out and she was actin like spoilt child and he got caught up in that. Till 2! But we won't go there! Not doing too badly cheers. You? ,,,"
ham,"Yeah get the unlimited,,,"
spam,"pdate_Now - Double mins and 1000 txts on Orange tariffs. Latest Motorola, SonyEricsson & Nokia & Bluetooth FREE! Call MobileUpd8 on 08000839402 or call2optout/!YHL"""",,,"
spam,"2/2 146tf150p,,,"
spam,"UR GOING 2 BAHAMAS! CallFREEFONE 08081560665 and speak to a live operator to claim either Bahamas cruise ofå£2000 CASH 18+only. To opt out txt X to 07786200117,,,"
ham,"Did u fix the teeth?if not do it asap.ok take care.,,,"
ham,"Ok.,,,"
ham,"Oh ho. Is this the first time u use these type of words,,,"
ham,"She's fine. Good to hear from you. How are you my dear? Happy new year oh.,,,"
spam,"Someone U know has asked our dating service 2 contact you! Cant Guess who? CALL 09058091854 NOW all will be revealed. PO BOX385 M6 6WU,,,"
spam,"Latest News! Police station toilet stolen, cops have nothing to go on!"""",,,"
ham,"Guai... ÌÏ shd haf seen him when he's naughty... ÌÏ so free today? Can go jogging...,,,"
spam,"Eerie Nokia tones 4u, rply TONE TITLE to 8007 eg TONE DRACULA to 8007 Titles: GHOST, ADDAMSFA, MUNSTERS, EXORCIST, TWILIGHT www.getzed.co.uk POBox36504W45WQ 150p"""",,,"
ham,"Sorry, I'll call later"""",,,"
ham,"Great. Hope you are using your connections from mode men also cos you can never know why old friends can lead you to today,,,"
ham,"Even if he my friend he is a priest call him now,,,"
ham,"I need you to be in my strong arms...,,,"
ham,"I'm at work. Please call,,,"
ham,"I'm going for bath will msg you next  &lt;#&gt;  min..,,,"
ham,"Idk. I'm sitting here in a stop and shop parking lot right now bawling my eyes out because i feel like i'm a failure in everything. Nobody wants me and now i feel like i'm failing you.,,,"
ham,"Tomarrow i want to got to court. At  &lt;DECIMAL&gt; . So you come to bus stand at 9.,,,"
spam,"FREE for 1st week! No1 Nokia tone 4 ur mobile every week just txt NOKIA to 8077 Get txting and tell ur mates. www.getzed.co.uk POBox 36504 W45WQ 16+ norm150p/tone,,,"
ham,"Im done. Just studyn in library,,,"
spam,"YOUR CHANCE TO BE ON A REALITY FANTASY SHOW call now = 08707509020 Just 20p per min NTT Ltd, PO Box 1327 Croydon CR9 5WB 0870 is a national = rate call"""",,,"
ham,"Dont let studying stress you out. L8r.,,,"
ham,"Lol they were mad at first but then they woke up and gave in.,,,"
ham,"Minimum walk is 3miles a day.,,,"
spam,"URGENT! We are trying to contact U. Todays draw shows that you have won a å£800 prize GUARANTEED. Call 09050003091 from land line. Claim C52. Valid12hrs only,,,"
ham,"Nothing, i got msg frm tht unknown no.."""",,,"
spam,"Romantic Paris. 2 nights, 2 flights from å£79 Book now 4 next year. Call 08704439680Ts&Cs apply."""",,,"
ham,"Hey what's up charles sorry about the late reply.,,,"
ham,"Sorry da..today i wont come to play..i have driving clas..,,,"
spam,"SMS SERVICES For your inclusive text credits pls gotto www.comuk.net login 3qxj9 unsubscribe with STOP no extra charge help 08702840625 comuk.220cm2 9AE,,,"
ham,"Sorry, I'll call later in meeting."""",,,"
ham,"Imagine Life WITHOUT ME... see.. How fast u are searching me?Don't worry.. l'm always there To disturb U.. Goodnoon..:),,,"
spam,"URGENT! Your mobile number *************** WON a å£2000 Bonus Caller prize on 10/06/03! This is the 2nd attempt to reach you! Call 09066368753 ASAP! Box 97N7QP, 150ppm"""",,,"
ham,"Sorry, it's a lot of friend-of-a-friend stuff, I'm just now about to talk to the actual guy who wants to buy"""",,,"
spam,"You have WON a guaranteed å£1000 cash or a å£2000 prize.To claim yr prize call our customer service representative on,,,"
ham,"Ok. Can be later showing around 8-8:30 if you want + cld have drink before. Wld prefer not to spend money on nosh if you don't mind, as doing that nxt wk."""",,,"
spam,"Here is your discount code RP176781. To stop further messages reply stop. www.regalportfolio.co.uk. Customer Services 08717205546,,,"
ham,"I was at bugis juz now wat... But now i'm walking home oredi... ÌÏ so late then reply... I oso saw a top dat i like but din buy... Where r Ì_ now? ,,,"
ham,"Mmmmm ... I loved waking to your words this morning ! I miss you too, my Love. I hope your day goes well and you are happy. I wait for us to be together again"""",,,"
ham,"That's cool he'll be here all night, lemme know when you're around"""",,,"
spam,"Free entry in 2 a weekly comp for a chance to win an ipod. Txt POD to 80182 to get entry (std txt rate) T&C's apply 08452810073 for details 18+,,,"
spam,"December only! Had your mobile 11mths+? You are entitled to update to the latest colour camera mobile for Free! Call The Mobile Update Co FREE on 08002986906 ,,,"
ham,"Not directly behind... Abt 4 rows behind Ì_...,,,"
ham,"In case you wake up wondering where I am, I forgot I have to take care of something for grandma today, should be done before the parade"""",,,"
spam,"You have 1 new voicemail. Please call 08719181503,,,"
spam,"Congratulations YOU'VE Won. You're a Winner in our August å£1000 Prize Draw. Call 09066660100 NOW. Prize Code 2309.,,,"
spam,"Congrats! 1 year special cinema pass for 2 is yours. call 09061209465 now! C Suprman V, Matrix3, StarWars3, etc all 4 FREE! bx420-ip4-5we. 150pm. Dont miss out! """",,,"
spam,"Update_Now - 12Mths Half Price Orange line rental: 400mins...Call MobileUpd8 on 08000839402 or call2optout=J5Q,,,"
spam,"U are subscribed to the best Mobile Content Service in the UK for å£3 per 10 days until you send STOP to 82324. Helpline 08706091795,,,"
ham,"So Ì_'ll be submitting da project tmr rite?,,,"
ham,"Ok. I only ask abt e movie. U wan ktv oso?,,,"
ham,"Carlos says we can pick up from him later so yeah we're set,,,"
spam,"83039 62735=å£450 UK Break AccommodationVouchers terms & conditions apply. 2 claim you mustprovide your claim number which is 15541 ,,,"
ham,"My drive can only be read. I need to write,,,"
spam,"December only! Had your mobile 11mths+? You are entitled to update to the latest colour camera mobile for Free! Call The Mobile Update VCo FREE on 08002986906 ,,,"
ham,"He said i look pretty wif long hair wat. But i thk he's cutting quite short 4 me leh.,,,"
ham,"Hurry up, I've been weed-deficient for like three days"""",,,"
spam,"U 447801259231 have a secret admirer who is looking 2 make contact with U-find out who they R*reveal who thinks UR so special-call on 09058094597,,,"
spam,"URGENT! We are trying to contact U. Todays draw shows that you have won a å£800 prize GUARANTEED. Call 09050001295 from land line. Claim A21. Valid 12hrs only,,,"
ham,"Its good to hear from you,,,"
ham,"ÌÏ still got lessons?  ÌÏ in sch?,,,"
ham,"I wanted to ask Ì_ to wait 4 me to finish lect. Cos my lect finishes in an hour anyway.,,,"
spam,"URGENT! Your Mobile number has been awarded with a å£2000 prize GUARANTEED. Call 09058094455 from land line. Claim 3030. Valid 12hrs only,,,"
spam,"5 Free Top Polyphonic Tones call 087018728737, National Rate. Get a toppoly tune sent every week, just text SUBPOLY to 81618, å£3 per pole. UnSub 08718727870."""",,,"
spam,"BIG BROTHER ALERT! The computer has selected u for 10k cash or #150 voucher. Call 09064018838. NTT PO Box CRO1327 18+ BT Landline Cost 150ppm mobiles vary,,,"
ham,"True dear..i sat to pray evening and felt so.so i sms'd you in some time...,,,"
spam,"Money i have won wining number 946 wot do i do next,,,"
spam,"PRIVATE! Your 2003 Account Statement for 07973788240 shows 800 un-redeemed S. I. M. points. Call 08715203649 Identifier Code: 40533 Expires 31/10/04,,,"
spam,"FREE UNLIMITED HARDCORE PORN direct 2 your mobile Txt PORN to 69200 & get FREE access for 24 hrs then chrgd@50p per day txt Stop 2exit. This msg is free,,,"
ham,"Oh k. . I will come tomorrow,,,"
spam,"Todays Vodafone numbers ending with 4882 are selected to a receive a å£350 award. If your number matches call 09064019014 to receive your å£350 award.,,,"
spam,"3 FREE TAROT TEXTS! Find out about your love life now! TRY 3 FOR FREE! Text CHANCE to 85555 16 only! After 3 Free, Msgs å£1.50 each"""",,,"
ham,"2marrow only. Wed at  &lt;#&gt;  to 2 aha.,,,"
ham,"Sorry, I'll call later"""",,,"
ham,"Lol for real. She told my dad I have cancer,,,"
spam,"URGENT! Your Mobile No was awarded a å£2,000 Bonus Caller Prize on 1/08/03! This is our 2nd attempt to contact YOU! Call 0871-4719-523 BOX95QU BT National Rate"""",,,"
ham,"One small prestige problem now.,,,"
spam,"XCLUSIVE@CLUBSAISAI 2MOROW 28/5 SOIREE SPECIALE ZOUK WITH NICHOLS FROM PARIS.FREE ROSES 2 ALL LADIES !!! info: 07946746291/07880867867 ,,,"
ham,"Hi.what you think about match?,,,"
spam,"Great News! Call FREEFONE 08006344447 to claim your guaranteed å£1000 CASH or å£2000 gift. Speak to a live operator NOW!,,,"
ham,"I didnt get anything da,,,"
spam,"We tried to contact you re your reply to our offer of a Video Handset? 750 anytime networks mins? UNLIMITED TEXT? Camcorder? Reply or call 08000930705 NOW,,,"
spam,"WIN a year supply of CDs 4 a store of ur choice worth å£500 & enter our å£100 Weekly draw txt MUSIC to 87066 Ts&Cs www.Ldew.com.subs16+1win150ppmx3,,,"
spam,"PRIVATE! Your 2003 Account Statement for 07808247860 shows 800 un-redeemed S. I. M. points. Call 08719899229 Identifier Code: 40411 Expires 06/11/04,,,"
spam,"You are a winner U have been specially selected 2 receive å£1000 cash or a 4* holiday (flights inc) speak to a live operator 2 claim 0871277810810,,,"
ham,"Dear i have reache room,,,"
ham,"Ya very nice. . .be ready on thursday,,,"
ham,"Wat u doing there?,,,"
spam,"Bloomberg -Message center +447797706009 Why wait? Apply for your future http://careers. bloomberg.com,,,"
ham,"Well there's not a lot of things happening in Lindsay on New years *sighs* Some bars in Ptbo and the blue heron has something going,,,"
spam,"Do you want a new video handset? 750 anytime any network mins? Half Price Line Rental? Camcorder? Reply or call 08000930705 for delivery tomorrow,,,"
spam,"Fantasy Football is back on your TV. Go to Sky Gamestar on Sky Active and play å£250k Dream Team. Scoring starts on Saturday, so register now!SKY OPT OUT to 88088"""",,,"
spam,"We tried to contact you re our offer of New Video Phone 750 anytime any network mins HALF PRICE Rental camcorder call 08000930705 or reply for delivery Wed,,,"
ham,"Lol I have to take it. member how I said my aunt flow didn't visit for 6 months? It's cause I developed ovarian cysts. Bc is the only way to shrink them.,,,"
spam,"FreeMsg: Fancy a flirt? Reply DATE now & join the UKs fastest growing mobile dating service. Msgs rcvd just 25p to optout txt stop to 83021. Reply DATE now!,,,"
spam,"This message is free. Welcome to the new & improved Sex & Dogging club! To unsubscribe from this service reply STOP. msgs@150p 18 only,,,"
spam,"Gr8 Poly tones 4 ALL mobs direct 2u rply with POLY TITLE to 8007 eg POLY BREATHE1 Titles: CRAZYIN, SLEEPINGWITH, FINEST, YMCA :getzed.co.uk POBox365O4W45WQ 300p"""",,,"
ham,"sorry, no, have got few things to do. may be in pub later."""",,,"
ham,"Now project pa. After that only i can come.,,,"
spam,"Double Mins & Double Txt & 1/2 price Linerental on Latest Orange Bluetooth mobiles. Call MobileUpd8 for the very latest offers. 08000839402 or call2optout/LF56,,,"
ham,"Up to Ì_... ÌÏ wan come then come lor... But i din c any stripes skirt...,,,"
ham,"So li hai... Me bored now da lecturer repeating last weeks stuff waste time... ,,,"
ham,"Probably money worries. Things are coming due and i have several outstanding invoices for work i did two and three months ago.,,,"
ham,"Like  &lt;#&gt; , same question"""",,,"
ham,"Nvm it's ok...,,,"
spam,"URGENT! Your Mobile No 07808726822 was awarded a å£2,000 Bonus Caller Prize on 02/09/03! This is our 2nd attempt to contact YOU! Call 0871-872-9758 BOX95QU"""",,,"
spam,"Hard LIVE 121 chat just 60p/min. Choose your girl and connect LIVE. Call 09094646899 now! Cheap Chat UK's biggest live service. VU BCM1896WC1N3XX,,,"
ham,"Just checked out, heading out to drop off my stuff now"""",,,"
spam,"Urgent! Please call 0906346330. Your ABTA complimentary 4* Spanish Holiday or å£10,000 cash await collection SAE T&Cs BOX 47 PO19 2EZ 150ppm 18+"""",,,"
ham,"Ya! when are Ì_ taking ure practical lessons? I start in june..  ,,,"
ham,"Honestly i've just made a lovely cup of tea and promptly dropped my keys in it and then burnt my fingers getting them out!,,,"
spam,"SIX chances to win CASH! From 100 to 20,000 pounds txt> CSH11 and send to 87575. Cost 150p/day, 6days, 16+ TsandCs apply Reply HL 4 info"""",,,"
spam,"ree entry in 2 a weekly comp for a chance to win an ipod. Txt POD to 80182 to get entry (std txt rate) T&C's apply 08452810073 for details 18+,,,"
ham,"Just seeing your missed call my dear brother. Do have a gr8 day.,,,"
spam,"The current leading bid is 151. To pause this auction send OUT. Customer Care: 08718726270,,,"
spam,"u r a winner U ave been specially selected 2 receive å£1000 cash or a 4* holiday (flights inc) speak to a live operator 2 claim 0871277810710p/min (18 ),,,"
ham,"No. On the way home. So if not for the long dry spell the season would have been over,,,"
spam,"FreeMsg: Claim ur 250 SMS messages-Text OK to 84025 now!Use web2mobile 2 ur mates etc. Join Txt250.com for 1.50p/wk. T&C BOX139, LA32WU. 16 . Remove txtX or stop"""",,,"
spam,"Congrats! Nokia 3650 video camera phone is your Call 09066382422 Calls cost 150ppm Ave call 3mins vary from mobiles 16+ Close 300603 post BCM4284 Ldn WC1N3XX,,,"
spam,"Want explicit SEX in 30 secs? Ring 02073162414 now! Costs 20p/min,,,"
ham,"Have you got Xmas radio times. If not i will get it now,,,"
spam,"FREE entry into our å£250 weekly comp just send the word ENTER to 84128 NOW. 18 T&C www.textcomp.com cust care 08712405020.,,,"
ham,"Sorry, I'll call later"""",,,"
spam,"RCT' THNQ Adrian for U text. Rgds Vatian,,,"
ham,"I am thinking of going down to reg for pract lessons.. Flung my advance.. Haha wat time u going?,,,"
ham,"Where in abj are you serving. Are you staying with dad or alone.,,,"
spam,"Buy Space Invaders 4 a chance 2 win orig Arcade Game console. Press 0 for Games Arcade (std WAP charge) See o2.co.uk/games 4 Terms + settings. No purchase,,,"
spam,"money!!! you r a lucky winner ! 2 claim your prize text money 2 88600 over å£1million to give away ! ppt150x3+normal text rate box403 w1t1jy,,,"
ham,"I'm very happy for you babe ! Woo hoo party on dude!,,,"
spam,"Urgent! Please call 09061743811 from landline. Your ABTA complimentary 4* Tenerife Holiday or å£5000 cash await collection SAE T&Cs Box 326 CW25WX 150ppm,,,"
spam,"You are a winner you have been specially selected to receive å£1000 cash or a å£2000 award. Speak to a live operator to claim call 087123002209am-7pm. Cost 10p,,,"
spam,"FREE entry into our å£250 weekly comp just send the word WIN to 80086 NOW. 18 T&C www.txttowin.co.uk,,,"
spam,"Panasonic & BluetoothHdset FREE. Nokia FREE. Motorola FREE & DoubleMins & DoubleTxt on Orange contract. Call MobileUpd8 on 08000839402 or call 2optout,,,"
ham,"Hey sweet, I was wondering when you had a moment if you might come to me ? I want to send a file to someone but it won't go over yahoo for them because their connection sucks, remember when you set up that page for me to go to and download the format disc ? Could you tell me how to do that ? Or do you know some other way to download big files ? Because they can download stuff directly from the internet. Any help would be great, my prey ... *teasing kiss*"""",,,"
spam,"For ur chance to win a å£250 cash every wk TXT: ACTION to 80608. T's&C's www.movietrivia.tv custcare 08712405022, 1x150p/wk."""",,,"
ham,"Take care and sleep well.you need to learn to change in life.you only need to get CONVINCED on that.i will wait but no more conversations between us.GET CONVINCED by that time.Your family is over for you in many senses.respect them but not overemphasise.or u have no role in my life.,,,"
spam,"18 days to Euro2004 kickoff! U will be kept informed of all the latest news and results daily. Unsubscribe send GET EURO STOP to 83222.,,,"
spam,"Someone has contacted our dating service and entered your phone because they fancy you! To find out who it is call from a landline 09111032124 . PoBox12n146tf150p,,,"
ham,"That's good. Lets thank God. Please complete the drug. Have lots of water. And have a beautiful day.,,,"
spam,"Free msg. Sorry, a service you ordered from 81303 could not be delivered as you do not have sufficient credit. Please top up to receive the service."""",,,"
spam,"You have been selected to stay in 1 of 250 top British hotels - FOR NOTHING! Holiday Worth å£350! To Claim, Call London 02072069400. Bx 526, SW73SS"""",,,"
spam,"Todays Voda numbers ending 1225 are selected to receive a å£50award. If you have a match please call 08712300220 quoting claim code 3100 standard rates app ,,,"
ham,"I realise you are a busy guy and i'm trying not to be a bother. I have to get some exams outta the way and then try the cars. Do have a gr8 day,,,"
spam,"Check Out Choose Your Babe Videos @ sms.shsex.netUN fgkslpoPW fgkslpo,,,"
spam,"Free video camera phones with Half Price line rental for 12 mths and 500 cross ntwk mins 100 txts. Call MobileUpd8 08001950382 or Call2OptOut/674,,,"
spam,"Congrats! 2 mobile 3G Videophones R yours. call 09061744553 now! videochat wid ur mates, play java games, Dload polyH music, noline rentl. bx420. ip4. 5we. 150pm"""",,,"
ham,"Fuck cedar key and fuck her (come over anyway tho),,,"
ham,"Lol no. Just trying to make your day a little more interesting,,,"
ham,"After my work ah... Den 6 plus lor... U workin oso rite... Den go orchard lor, no other place to go liao..."""",,,"
ham,"Nice.nice.how is it working?,,,"
ham,"Good good, billy mates all gone. Just been jogging, again! Did enjoy concert?"""",,,"
spam,"PRIVATE! Your 2004 Account Statement for 07742676969 shows 786 unredeemed Bonus Points. To claim call 08719180248 Identifier Code: 45239 Expires,,,"
ham,"Aight, I should be there by 8 at the latest, probably closer to 7. Are jay and tyler down or should we just do two trips?"""",,,"
ham,"I am real, baby! I want to bring out your inner tigress..."""",,,"
ham,"Gal n boy walking in d park. gal-can i hold ur hand? boy-y? do u think i would run away? gal-no, jst wana c how it feels walking in heaven with an prince..GN:-)"""",,,"
ham,"What i mean was i left too early to check, cos i'm working a 9-6."""",,,"
ham,"Arngd marriage is while u r walkin unfortuntly a snake bites u. bt love marriage is dancing in frnt of d snake &amp; sayin Bite me, bite me."""",,,"
spam,"Free msg: Single? Find a partner in your area! 1000s of real people are waiting to chat now!Send CHAT to 62220Cncl send STOPCS 08717890890å£1.50 per msg,,,"
spam,"WINNER!! As a valued network customer you have been selected to receivea å£900 prize reward! To claim call 09061701461. Claim code KL341. Valid 12 hours only.,,,"
spam,"Talk sexy!! Make new friends or fall in love in the worlds most discreet text dating service. Just text VIP to 83110 and see who you could meet.,,,"
spam,"Xmas & New Years Eve tickets are now on sale from the club, during the day from 10am till 8pm, and on Thurs, Fri & Sat night this week. They're selling fast!"""",,,"
spam,"\URGENT! This is the 2nd attempt to contact U!U have WON å£1000CALL 09071512432 b4 300603t&csBCM4235WC1N3XX.callcost150ppmmobilesvary. maxå£7. 50\"""""""""""""""""""",,,"
ham,"Dont know supports ass and srt i thnk. I think ps3 can play through usb too,,,"
ham,"HAPPY NEW YEAR MY NO.1 MAN,,,"
spam,"UR awarded a City Break and could WIN a å£200 Summer Shopping spree every WK. Txt STORE to 88039 . SkilGme. TsCs087147403231Winawk!Age16 å£1.50perWKsub,,,"
ham,"Are you coming to day for class.,,,"
ham,"Why she wants to talk to me,,,"
spam,"18 days to Euro2004 kickoff! U will be kept informed of all the latest news and results daily. Unsubscribe send GET EURO STOP to 83222.,,,"
spam,"Ur balance is now å£500. Ur next question is: Who sang 'Uptown Girl' in the 80's ? 2 answer txt ur ANSWER to 83600. Good luck!,,,"
ham,"Do you know where my lab goggles went,,,"
spam,"WIN a å£200 Shopping spree every WEEK Starting NOW. 2 play text STORE to 88039. SkilGme. TsCs08714740323 1Winawk! age16 å£1.50perweeksub.,,,"
ham,"SORRY IM STIL FUCKED AFTER LAST NITE WENT TOBED AT 430 GOT UP 4 WORK AT 630,,,"
ham,"Do you know why god created gap between your fingers..? So that, One who is made for you comes &amp; fills those gaps by holding your hand with LOVE..!"""",,,"
ham,"All e best 4 ur driving tmr :-),,,"
ham,"Wat makes u thk i'll fall down. But actually i thk i'm quite prone 2 falls. Lucky my dad at home i ask him come n fetch me already.,,,"
spam,"8007 25p 4 Alfie Moon's Children in Need song on ur mob. Tell ur m8s. Txt TONE CHARITY to 8007 for nokias or POLY CHARITY for polys :zed 08701417012 profit 2 charity ,,,"
spam,"Burger King - Wanna play footy at a top stadium? Get 2 Burger King before 1st Sept and go Large or Super with Coca-Cola and walk out a winner,,,"
spam,"Urgent! Please call 09066612661 from your landline, your complimentary 4* Lux Costa Del Sol holiday or å£1000 CASH await collection. ppm 150 SAE T&Cs James 28, EH74RR"""",,,"
ham,"Ah, well that confuses things, doesnt it? I thought was friends with now. Maybe i did the wrong thing but i already sort of invited -tho he may not come cos of money."""",,,"
ham,"So that takes away some money worries,,,"
ham,"MAKE SURE ALEX KNOWS HIS BIRTHDAY IS OVER IN FIFTEEN MINUTES AS FAR AS YOU'RE CONCERNED,,,"
spam,"Dont forget you can place as many FREE Requests with 1stchoice.co.uk as you wish. For more Information call 08707808226.,,,"
spam,"Oh my god! I've found your number again! I'm so glad, text me back xafter this msgs cst std ntwk chg å£1.50"""",,,"
ham,"By monday next week. Give me the full gist,,,"
ham,"HOW ARE U? I HAVE MISSED U! I HAVENT BEEN UP 2 MUCH A BIT BORED WITH THE HOLIDAY WANT 2 GO BAK 2 COLLEGE! SAD ISNT IT?xx,,,"
spam,"WIN URGENT! Your mobile number has been awarded with a å£2000 prize GUARANTEED call 09061790121 from land line. claim 3030 valid 12hrs only 150ppm ,,,"
spam,"FREE for 1st week! No1 Nokia tone 4 ur mob every week just txt NOKIA to 8007 Get txting and tell ur mates www.getzed.co.uk POBox 36504 W45WQ norm150p/tone 16+,,,"
ham,"Please da call me any mistake from my side sorry da. Pls da goto doctor.,,,"
spam,"Get 3 Lions England tone, reply lionm 4 mono or lionp 4 poly. 4 more go 2 www.ringtones.co.uk, the original n best. Tones 3GBP network operator rates apply"""",,,"
spam,"You have been specially selected to receive a \3000 award! Call 08712402050 BEFORE the lines close. Cost 10ppm. 16+. T&Cs apply. AG Promo"""""""""""",,,"
spam,"500 free text msgs. Just text ok to 80488 and we'll credit your account,,,"
spam,"Buy Space Invaders 4 a chance 2 win orig Arcade Game console. Press 0 for Games Arcade (std WAP charge) See o2.co.uk/games 4 Terms + settings. No purchase,,,"
spam,"Someone U know has asked our dating service 2 contact you! Cant guess who? CALL 09058095107 NOW all will be revealed. POBox 7, S3XY 150p """",,,"
spam,"Hey I am really horny want to chat or see me naked text hot to 69698 text charged at 150pm to unsubscribe text stop 69698,,,"
ham,"I'm wif him now buying tix lar...,,,"
ham,"Sorry that took so long, omw now"""",,,"
ham,"Looks like you found something to do other than smoke, great job!"""",,,"
ham,"LOL ... No just was busy,,,"
spam,"YOU ARE CHOSEN TO RECEIVE A å£350 AWARD! Pls call claim number 09066364311 to collect your award which you are selected to receive as a valued mobile customer.,,,"
spam,"Had your mobile 10 mths? Update to the latest Camera/Video phones for FREE. KEEP UR SAME NUMBER, Get extra free mins/texts. Text YES for a call"""",,,"
ham,"I.ll give her once i have it. Plus she said grinule greet you whenever we speak,,,"
spam,"Ur ringtone service has changed! 25 Free credits! Go to club4mobiles.com to choose content now! Stop? txt CLUB STOP to 87070. 150p/wk Club4 PO Box1146 MK45 2WT,,,"
ham,"Aldrine, rakhesh ex RTM here.pls call.urgent."""",,,"
ham,"I cant pick the phone right now. Pls send a message,,,"
ham,"Well, i'm gonna finish my bath now. Have a good...fine night."""",,,"
ham,"Have a nice day my dear.,,,"
spam,"Congrats! 1 year special cinema pass for 2 is yours. call 09061209465 now! C Suprman V, Matrix3, StarWars3, etc all 4 FREE! bx420-ip4-5we. 150pm. Dont miss out!"""",,,"
ham,"Thanx...,,,"
ham,"From tomorrow onwards eve 6 to 3 work.,,,"
spam,"This message is brought to you by GMW Ltd. and is not connected to the,,,"
spam,"Todays Voda numbers ending 7548 are selected to receive a $350 award. If you have a match please call 08712300220 quoting claim code 4041 standard rates app,,,"
ham,"I'm okay. Chasing the dream. What's good. What are you doing next.,,,"
spam,"You have WON a guaranteed å£1000 cash or a å£2000 prize. To claim yr prize call our customer service representative on 08714712379 between 10am-7pm Cost 10p,,,"
ham,"Er yeah, i will b there at 15:26, sorry! Just tell me which pub/cafe to sit in and come wen u can"""",,,"
spam,"Welcome to Select, an O2 service with added benefits. You can now call our specially trained advisors FREE from your mobile by dialling 402."""",,,"
spam,"Hard LIVE 121 chat just 60p/min. Choose your girl and connect LIVE. Call 09094646899 now! Cheap Chat UK's biggest live service. VU BCM1896WC1N3XX,,,"
spam,"Valentines Day Special! Win over å£1000 in our quiz and take your partner on the trip of a lifetime! Send GO to 83600 now. 150p/msg rcvd. CustCare:08718720201,,,"
ham,"Only 2% students solved this CAT question in 'xam... 5+3+2= &lt;#&gt;  9+2+4= &lt;#&gt;  8+6+3= &lt;#&gt;  then 7+2+5=????? Tell me the answer if u r brilliant...1thing.i got d answr.,,,"
spam,"our mobile number has won å£5000, to claim calls us back or ring the claims hot line on 09050005321."""",,,"
ham,"Good afternoon, my love. It was good to see your words on YM and get your tm. Very smart move, my slave ... *smiles* ... I drink my coffee and await you."""",,,"
ham,"Try to do something dear. You read something for exams,,,"
spam,"449050000301 You have won a å£2,000 price! To claim, call 09050000301."""",,,"
ham,"K. I will sent it again,,,"
spam,"Had your mobile 11mths ? Update for FREE to Oranges latest colour camera mobiles & unlimited weekend calls. Call Mobile Upd8 on freefone 08000839402 or 2StopTx,,,"
ham,"It vl bcum more difficult..,,,"
ham,"\CHA QUITEAMUZING THATåÕSCOOL BABE,""""PROBPOP IN & CU SATTHEN HUNNY 4BREKKIE! LOVE JEN XXX. PSXTRA LRG PORTIONS 4 ME PLEASE \"""""""""""""""""""",,"
ham,"Yup but it's not giving me problems now so mayb i'll jus leave it...,,,"
spam,"+123 Congratulations - in this week's competition draw u have won the å£1450 prize to claim just call 09050002311 b4280703. T&Cs/stop SMS 08718727868. Over 18 only 150ppm,,,"
spam,"Orange brings you ringtones from all time Chart Heroes, with a free hit each week! Go to Ringtones & Pics on wap. To stop receiving these tips reply STOP."""",,,"
spam,"You are a winner U have been specially selected 2 receive å£1000 cash or a 4* holiday (flights inc) speak to a live operator 2 claim 0871277810810,,,"
spam,"Hi ya babe x u 4goten bout me?' scammers getting smart..Though this is a regular vodafone no, if you respond you get further prem rate msg/subscription. Other nos used also. Beware!"""",,,"
spam,"Phony å£350 award - Todays Voda numbers ending XXXX are selected to receive a å£350 award. If you have a match please call 08712300220 quoting claim code 3100 standard rates app,,,"
ham,"Still i have not checked it da. . .,,,"
spam,"You have won a Nokia 7250i. This is what you get when you win our FREE auction. To take part send Nokia to 86021 now. HG/Suite342/2Lands Row/W1JHL 16+,,,"
ham,"We will meet soon princess! Ttyl!,,,"
ham,"\Gimme a few\"""""""" was  &lt;#&gt;  minutes ago"""""""""""",,,"
ham,"S da..al r above  &lt;#&gt;,,,"
spam,"Camera - You are awarded a SiPix Digital Camera! call 09061221066 fromm landline. Delivery within 28 days.,,,"
ham,"Hello, my love! How goes that day ? I wish your well and fine babe and hope that you find some job prospects. I miss you, boytoy ... *a teasing kiss*"""",,,"
spam,"URGENT! Your mobile No 077xxx WON a å£2,000 Bonus Caller Prize on 02/06/03! This is the 2nd attempt to reach YOU! Call 09066362206 ASAP! BOX97N7QP, 150ppm"""",,,"
ham,"Hello, hello, hi lou sorry it took so long 2 reply- I left mobile at friends in Lancaster, just got it bak Neway im sorry I couldnåÕt make ur båÕday 2 hun!"""",,,"
spam,"Would you like to see my XXX pics they are so hot they were nearly banned in the uk!,,,"
ham,"How much for an eighth?,,,"
ham,"Thts wat Wright Brother did to fly..,,,"
spam,"Hi its LUCY Hubby at meetins all day Fri & I will B alone at hotel U fancy cumin over? Pls leave msg 2day 09099726395 Lucy x Callså£1/minMobsmoreLKPOBOX177HP51FL,,,"
spam,"TBS/PERSOLVO. been chasing us since Sept forå£38 definitely not paying now thanks to your information. We will ignore them. Kath. Manchester.,,,"
spam,"U can WIN å£100 of Music Gift Vouchers every week starting NOW Txt the word DRAW to 87066 TsCs www.Idew.com SkillGame, 1Winaweek, age16. 150ppermessSubscription"""",,,"
spam,"Please CALL 08712402972 immediately as there is an urgent message waiting for you,,,"
ham,"Anything lor is she coming?,,,"
ham,"No pic. Please re-send.,,,"
ham,"Tomorrow i am not going to theatre. . . So i can come wherever u call me. . . Tell me where and when to come tomorrow,,,"
ham,"I love to wine and dine my lady!,,,"
spam,"FREE MESSAGE Activate your 500 FREE Text Messages by replying to this message with the word FREE For terms & conditions, visit www.07781482378.com"""",,,"
spam,"Sorry I missed your call let's talk when you have the time. I'm on 07090201529,,,"
ham,"Hi. || Do u want | to join me with sts later? || Meeting them at five. || Call u after class.,,,"
spam,"No 1 POLYPHONIC tone 4 ur mob every week! Just txt PT2 to 87575. 1st Tone FREE ! so get txtin now and tell ur friends. 150p/tone. 16 reply HL 4info,,,"
ham,"Teach me apps da. When you come to college.,,,"
ham,"You are gorgeous! keep those pix cumming :) thank you!,,,"
spam,"Your free ringtone is waiting to be collected. Simply text the password \MIX\"""""""" to 85069 to verify. Get Usher and Britney. FML"""", PO Box 5249,"""" MK17 92H. 450Ppw 16"""""""""""","
spam,"As a registered optin subscriber ur draw 4 å£100 gift voucher will be entered on receipt of a correct ans to 80062 Whats No1 in the BBC charts,,,"
ham,"Sorry my roommates took forever, it ok if I come by now?"""",,,"
ham,"Ok. How many should i buy.,,,"
ham,"Hope this text meets you smiling. If not then let this text give you a reason to smile. Have a beautiful day.,,,"
spam,"Do you ever notice that when you're driving, anyone going slower than you is an idiot and everyone driving faster than you is a maniac?"""",,,"
spam,"Latest Nokia Mobile or iPOD MP3 Player +å£400 proze GUARANTEED! Reply with: WIN to 83355 now! Norcorp Ltd.å£1,50/Mtmsgrcvd18+"""",,,"
spam,"sports fans - get the latest sports news str* 2 ur mobile 1 wk FREE PLUS a FREE TONE Txt SPORT ON to 8007 www.getzed.co.uk 0870141701216+ norm 4txt/120p ,,,"
ham,"Aiyar hard 2 type. U later free then tell me then i call n scold n tell u.,,,"
ham,"Missed your call cause I was yelling at scrappy. Miss u. Can't wait for u to come home. I'm so lonely today.,,,"
spam,"Not heard from U4 a while. Call 4 rude chat private line 01223585334 to cum. Wan 2C pics of me gettin shagged then text PIX to 8552. 2End send STOP 8552 SAM xxx,,,"
ham,"Awesome, text me when you're restocked"""",,,"
ham,"Is xy in ur car when u picking me up?,,,"
spam,"WELL DONE! Your 4* Costa Del Sol Holiday or å£5000 await collection. Call 09050090044 Now toClaim. SAE, TCs, POBox334, Stockport, SK38xh, Costå£1.50/pm, Max10mins"""",,,"
spam,"Want to funk up ur fone with a weekly new tone reply TONES2U 2 this text. www.ringtones.co.uk, the original n best. Tones 3GBP network operator rates apply"""",,,"
spam,"Congrats! 1 year special cinema pass for 2 is yours. call 09061209465 now! C Suprman V, Matrix3, StarWars3, etc all 4 FREE! bx420-ip4-5we. 150pm. Dont miss out!"""",,,"
ham,"Damn, poor zac doesn't stand a chance"""",,,"
ham,"Nope, I'm still in the market"""",,,"
ham,"get ready to moan and scream :),,,"
spam,"Free Msg: get Gnarls Barkleys \Crazy\"""""""" ringtone TOTALLY FREE just reply GO to this message right now!"""""""""""",,,"
ham,"I love to cuddle! I want to hold you in my strong arms right now...,,,"
spam,"XMAS iscoming & ur awarded either å£500 CD gift vouchers & free entry 2 r å£100 weekly draw txt MUSIC to 87066 TnC www.Ldew.com1win150ppmx3age16subscription ,,,"
ham,"Good. Good job. I like entrepreneurs,,,"
spam,"Double mins and txts 4 6months FREE Bluetooth on Orange. Available on Sony, Nokia Motorola phones. Call MobileUpd8 on 08000839402 or call2optout/N9DX"""",,,"
spam,"Sunshine Hols. To claim ur med holiday send a stamped self address envelope to Drinks on Us UK, PO Box 113, Bray, Wicklow, Eire. Quiz Starts Saturday! Unsub Stop"""",,,"
spam,"You've won tkts to the EURO2004 CUP FINAL or å£800 CASH, to collect CALL 09058099801 b4190604, POBOX 7876150ppm"""",,,"
spam,"You have 1 new message. Please call 08715205273,,,"
ham,"&lt;#&gt;  great loxahatchee xmas tree burning update: you can totally see stars here,,,"
spam,"Today's Offer! Claim ur å£150 worth of discount vouchers! Text YES to 85023 now! SavaMob, member offers mobile! T Cs 08717898035. å£3.00 Sub. 16 . Unsub reply X"""",,,"
spam,"Sppok up ur mob with a Halloween collection of nokia logo&pic message plus a FREE eerie tone, txt CARD SPOOK to 8007"""",,,"
spam,"If you don't, your prize will go to another customer. T&C at www.t-c.biz 18+ 150p/min Polo Ltd Suite 373 London W1J 6HL Please call back if busy """",,,"
spam,"Final Chance! Claim ur å£150 worth of discount vouchers today! Text YES to 85023 now! SavaMob, member offers mobile! T Cs SavaMob POBOX84, M263UZ. å£3.00 Subs 16"""",,,"
spam,"Sunshine Quiz Wkly Q! Win a top Sony DVD player if u know which country Liverpool played in mid week? Txt ansr to 82277. å£1.50 SP:Tyrone,,,"
ham,"This girl does not stay in bed. This girl doesn't need recovery time. Id rather pass out while having fun then be cooped up in bed,,,"
ham,"At 7 we will go ok na.,,,"
spam,"URGENT! Your mobile was awarded a å£1,500 Bonus Caller Prize on 27/6/03. Our final attempt 2 contact U! Call 08714714011"""",,,"
spam,"WOW! The Boys R Back. TAKE THAT 2007 UK Tour. Win VIP Tickets & pre-book with VIP Club. Txt CLUB to 81303. Trackmarque Ltd info@vipclub4u.,,,"
ham,"We're all getting worried over here, derek and taylor have already assumed the worst"""",,,"
ham,"I am great princess! What are you thinking about me? :),,,"
ham,"K.k..how is your sister kids?,,,"
spam,"Knock Knock Txt whose there to 80082 to enter r weekly draw 4 a å£250 gift voucher 4 a store of yr choice. T&Cs www.tkls.com age16 to stoptxtstopå£1.50/week,,,"
spam,"Not heard from U4 a while. Call 4 rude chat private line 01223585334 to cum. Wan 2C pics of me gettin shagged then text PIX to 8552. 2End send STOP 8552 SAM xxx,,,"
spam,"As one of our registered subscribers u can enter the draw 4 a 100 G.B. gift voucher by replying with ENTER. To unsubscribe text STOP,,,"
ham,"Wow. I never realized that you were so embarassed by your accomodations. I thought you liked it, since i was doing the best i could and you always seemed so happy about \the cave\"""""""". I'm sorry I didn't and don't have more to give. I'm sorry i offered. I'm sorry your room was so embarassing."""""""""""",,,"
ham,"WHO ARE YOU SEEING?,,,"
ham,"Convey my regards to him,,,"
ham,"I HAVE A DATE ON SUNDAY WITH WILL!!,,,"
ham,"Yar i wanted 2 scold u yest but late already... I where got zhong se qing you? If u ask me b4 he ask me then i'll go out w u all lor. N u still can act so real.,,,"
ham,"Good Morning plz call me sir,,,"
spam,"FREE RING TONE just text \POLYS\"""""""" to 87131. Then every week get a new tone. 0870737910216yrs only å£1.50/wk."""""""""""",,,"
ham,"Forgot to tell Ì_ smth.. Can Ì_ like number the sections so that it's clearer..,,,"
ham,"Hey doc pls I want to get nice t shirt for my hubby nice fiting ones my budget is  &lt;#&gt; k help pls I will load d card abi hw,keep me posted luv. 2 mj"""",,,"
spam,"Marvel Mobile Play the official Ultimate Spider-man game (å£4.50) on ur mobile right now. Text SPIDER to 83338 for the game & we ll send u a FREE 8Ball wallpaper,,,"
ham,"They will pick up and drop in car.so no problem..,,,"
spam,"Valentines Day Special! Win over å£1000 in our quiz and take your partner on the trip of a lifetime! Send GO to 83600 now. 150p/msg rcvd. CustCare:08718720201.,,,"
ham,"Fine. Do you remember me.,,,"
spam,"URGENT! Your Mobile number has been awarded with a å£2000 prize GUARANTEED. Call 09058094454 from land line. Claim 3030. Valid 12hrs only,,,"
ham,"The bus leaves at  &lt;#&gt; ,,,"
spam,"Spook up your mob with a Halloween collection of a logo & pic message plus a free eerie tone, txt CARD SPOOK to 8007 zed 08701417012150p per logo/pic"""",,,"
spam,"Boltblue tones for 150p Reply POLY# or MONO# eg POLY3 1. Cha Cha Slide 2. Yeah 3. Slow Jamz 6. Toxic 8. Come With Me or STOP 4 more tones txt MORE,,,"
spam,"December only! Had your mobile 11mths+? You are entitled to update to the latest colour camera mobile for Free! Call The Mobile Update Co FREE on 08002986906,,,"
ham,"Hi. Hope you had a good day. Have a better night.,,,"
ham,"2 and half years i missed your friendship:-),,,"
ham,"Nah, Wednesday. When should I bring the mini cheetos bag over?"""",,,"
ham,"and  picking them up from various points,,,"
ham,"I know that my friend already told that.,,,"
spam,"Babe: U want me dont u baby! Im nasty and have a thing 4 filthyguys. Fancy a rude time with a sexy bitch. How about we go slo n hard! Txt XXX SLO(4msgs),,,"
spam,"Send a logo 2 ur lover - 2 names joined by a heart. Txt LOVE NAME1 NAME2 MOBNO eg LOVE ADAM EVE 07123456789 to 87077 Yahoo! POBox36504W45WQ TxtNO 4 no ads 150p.,,,"
ham,"Hi Dear Call me its urgnt. I don't know whats your problem. You don't want to work or if you have any other problem at least tell me. Wating for your reply.,,,"
ham,"Thanks for this hope you had a good day today,,,"
ham,"Do u konw waht is rael FRIENDSHIP Im gving yuo an exmpel: Jsut ese tihs msg.. Evrey splleing of tihs msg is wrnog.. Bt sitll yuo can raed it wihtuot ayn mitsake.. GOODNIGHT &amp; HAVE A NICE SLEEP..SWEET DREAMS..,,,"
spam,"5p 4 alfie Moon's Children in need song on ur mob. Tell ur m8s. Txt Tone charity to 8007 for Nokias or Poly charity for polys: zed 08701417012 profit 2 charity.,,,"
ham,"Ok, be careful ! Don't text and drive !"""",,,"
ham,"I think we're going to finn's now, come"""",,,"
spam,"URGENT! Your Mobile number has been awarded with a å£2000 prize GUARANTEED. Call 09061790121 from land line. Claim 3030. Valid 12hrs only 150ppm,,,"
spam,"Monthly password for wap. mobsi.com is 391784. Use your wap phone not PC.,,,"
ham,"His bday real is in april .,,,"
ham,"Single line with a big meaning::::: \Miss anything 4 ur \""""""""Best Life\"""""""" but"""","""" don't miss ur best life for anything... Gud nyt..."""""""""""",,"
spam,"RT-KIng Pro Video Club>> Need help? info@ringtoneking.co.uk or call 08701237397 You must be 16+ Club credits redeemable at www.ringtoneking.co.uk! Enjoy!,,,"
spam,"No. 1 Nokia Tone 4 ur mob every week! Just txt NOK to 87021. 1st Tone FREE ! so get txtin now and tell ur friends. 150p/tone. 16 reply HL 4info,,,"
ham,"Awesome, think we can get an 8th at usf some time tonight?"""",,,"
spam,"Did you hear about the new \Divorce Barbie\""""""""? It comes with all of Ken's stuff!"""""""""""",,,"
spam,"FROM 88066 LOST å£12 HELP,,,"
ham,"Very hurting n meaningful lines ever: \I compromised everything for my love,"""" But at d end my love compromised me for everything:-(\"""""""".. Gud mornin:-)"""""""""""",,"
ham,"Oh ho. Is this the first time u use these type of words,,,"
spam,"ASKED 3MOBILE IF 0870 CHATLINES INCLU IN FREE MINS. INDIA CUST SERVs SED YES. L8ER GOT MEGA BILL. 3 DONT GIV A SHIT. BAILIFF DUE IN DAYS. I O å£250 3 WANT å£800,,,"
spam,"Had your contract mobile 11 Mnths? Latest Motorola, Nokia etc. all FREE! Double Mins & Text on Orange tariffs. TEXT YES for callback, no to remove from records"""",,,"
ham,"Storming msg: Wen u lift d phne, u say \HELLO\"""""""" Do u knw wt is d real meaning of HELLO?? . . . It's d name of a girl..! . . . Yes.. And u knw who is dat girl?? \""""""""Margaret Hello\"""""""" She is d girlfrnd f Grahmbell who invnted telphone... . . . . Moral:One can 4get d name of a person"""","""" bt not his girlfrnd... G o o d n i g h t . . .@"""""""""""",,"
ham,"Boo I'm on my way to my moms. She's making tortilla soup. Yummmm,,,"
ham,"Dai what this da.. Can i send my resume to this id.,,,"
ham,"Also remember the beads don't come off. Ever.,,,"
spam,"We currently have a message awaiting your collection. To collect your message just call 08718723815.,,,"
ham,"Same as kallis dismissial in 2nd test:-).,,,"
ham,"I accidentally deleted the message. Resend please.,,,"
ham,"Let there be snow. Let there be snow. This kind of weather brings ppl together so friendships can grow.,,,"
ham,"aight we can pick some up, you open before tonight?"""",,,"
ham,"You should change your fb to jaykwon thuglyfe falconerf,,,"
ham,"How much is torch in 9ja.,,,"
spam,"Call 09095350301 and send our girls into erotic ecstacy. Just 60p/min. To stop texts call 08712460324 (nat rate),,,"
spam,"Mila, age23, blonde, new in UK. I look sex with UK guys. if u like fun with me. Text MTALK to 69866.18 . 30pp/txt 1st 5free. å£1.50 increments. Help08718728876"""",,,"
spam,"Got what it takes 2 take part in the WRC Rally in Oz? U can with Lucozade Energy! Text RALLY LE to 61200 (25p), see packs or lucozade.co.uk/wrc & itcould be u!"""",,,"
spam,"Ur cash-balance is currently 500 pounds - to maximize ur cash-in now send GO to 86688 only 150p/msg. CC 08718720201 HG/Suite342/2Lands Row/W1J6HL,,,"
spam,"Moby Pub Quiz.Win a å£100 High Street prize if u know who the new Duchess of Cornwall will be? Txt her first name to 82277.unsub STOP å£1.50 008704050406 SP Arrow,,,"
ham,"Your opinion about me? 1. Over 2. Jada 3. Kusruthi 4. Lovable 5. Silent 6. Spl character 7. Not matured 8. Stylish 9. Simple Pls reply..,,,"
spam,"PRIVATE! Your 2003 Account Statement for shows 800 un-redeemed S. I. M. points. Call 08715203694 Identifier Code: 40533 Expires 31/10/04,,,"
spam,"Ur balance is now å£600. Next question: Complete the landmark, Big, A. Bob, B. Barry or C. Ben ?. Text A, B or C to 83738. Good luck!"""",,,"
ham,"Say this slowly.? GOD,I LOVE YOU &amp; I NEED YOU,CLEAN MY HEART WITH YOUR BLOOD.Send this to Ten special people &amp; u c miracle tomorrow, do it,pls,pls do it..."""",,,"
spam,"WIN: We have a winner! Mr. T. Foley won an iPod! More exciting prizes soon, so keep an eye on ur mobile or visit www.win-82050.co.uk"""",,,"
ham,"Cool, want me to go to kappa or should I meet you outside mu"""",,,"
spam,"2p per min to call Germany 08448350055 from your BT line. Just 2p per min. Check PlanetTalkInstant.com for info & T's & C's. Text stop to opt out,,,"
ham,"Will Ì_ b going to esplanade fr home?,,,"
ham,"I'm really sorry I lit your hair on fire,,,"
ham,"We'll join the  &lt;#&gt;  bus,,,"
spam,"Show ur colours! Euro 2004 2-4-1 Offer! Get an England Flag & 3Lions tone on ur phone! Click on the following service message for info!,,,"
ham,"Sorry, I'll call later"""",,,"
ham,"K, my roommate also wants a dubsack and another friend may also want some so plan on bringing extra, I'll tell you when they know for sure"""",,,"
spam,"Todays Vodafone numbers ending with 4882 are selected to a receive a å£350 award. If your number matches call 09064019014 to receive your å£350 award.,,,"
spam,"Loan for any purpose å£500 - å£75,000. Homeowners + Tenants welcome. Have you been previously refused? We can still help. Call Free 0800 1956669 or text back 'help'"""",,,"
ham,"Don't fret. I'll buy the ovulation test strips and send them to you. You wont get them til like march. Can you send me your postal address.u'll be alright.Okay.,,,"
spam,"cmon babe, make me horny, *turn* me on! Txt me your fantasy now babe -) Im hot, sticky and need you now. All replies cost å£1.50. 2 cancel send STOP"""",,,"
spam,"FREE camera phones with linerental from 4.49/month with 750 cross ntwk mins. 1/2 price txt bundle deals also avble. Call 08001950382 or call2optout/J MF,,,"
spam,"You are being contacted by our dating service by someone you know! To find out who it is, call from a land line 09050000878. PoBox45W2TG150P"""",,,"
spam,"500 New Mobiles from 2004, MUST GO! Txt: NOKIA to No: 89545 & collect yours today!From ONLY å£1 www.4-tc.biz 2optout 087187262701.50gbp/mtmsg18"""",,,"
ham,"ÌÏ log off 4 wat. It's sdryb8i,,,"
ham,"Howz that persons story,,,"
spam,"500 New Mobiles from 2004, MUST GO! Txt: NOKIA to No: 89545 & collect yours today!From ONLY å£1 www.4-tc.biz 2optout 087187262701.50gbp/mtmsg18 TXTAUCTION"""",,,"
spam,"URGENT This is our 2nd attempt to contact U. Your å£900 prize from YESTERDAY is still awaiting collection. To claim CALL NOW 09061702893,,,"
spam,"Are you unique enough? Find out from 30th August. www.areyouunique.co.uk,,,"
ham,"I dunno they close oredi not... ÌÏ v ma fan...,,,"
spam,"Hello. We need some posh birds and chaps to user trial prods for champneys. Can i put you down? I need your address and dob asap. Ta r,,,"
spam,"Congrats! 2 mobile 3G Videophones R yours. call 09061744553 now! videochat wid ur mates, play java games, Dload polyH music, noline rentl. bx420. ip4. 5we. 150pm"""",,,"
spam,"Free 1st week entry 2 TEXTPOD 4 a chance 2 win 40GB iPod or å£250 cash every wk. Txt VPOD to 81303 Ts&Cs www.textpod.net custcare 08712405020.,,,"
ham,"That sucks. So what do you got planned for your yo valentine? I am your yo valentine aren't I?,,,"
spam,"FREE RINGTONE text FIRST to 87131 for a poly or text GET to 87131 for a true tone! Help? 0845 2814032 16 after 1st free, tones are 3xå£150pw to eå£nd txt stop"""",,,"
ham,"I love to give massages. I use lots of baby oil... What is your fave position?,,,"
spam,"SplashMobile: Choose from 1000s of gr8 tones each wk! This is a subscrition service with weekly tones costing 300p. U have one credit - kick back and ENJOY,,,"
ham,"7 lor... Change 2 suntec... Wat time u coming?,,,"
ham,"Hi its in durban are you still on this number,,,"
ham,"I hope you know I'm still mad at you.,,,"
ham,"I like dis sweater fr mango but no more my size already so irritating.,,,"
ham,"Ard 4 lor...,,,"
ham,"I got to video tape pple type in message lor. U so free wan 2 help me? Hee... Cos i noe u wan 2 watch infernal affairs so ask u along. Asking shuhui oso.,,,"
ham,"S...i will take mokka players only:),,,"
spam,"PRIVATE! Your 2003 Account Statement for 07753741225 shows 800 un-redeemed S. I. M. points. Call 08715203677 Identifier Code: 42478 Expires 24/10/04,,,"
spam,"Kit Strip - you have been billed 150p. Netcollex Ltd. PO Box 1013 IG11 OJA,,,"
spam,"URGENT This is our 2nd attempt to contact U. Your å£900 prize from YESTERDAY is still awaiting collection. To claim CALL NOW 09061702893. ACL03530150PM,,,"
ham,"I'm awake oh. What's up.,,,"
spam,"<Forwarded from 448712404000>Please CALL 08712404000 immediately as there is an urgent message waiting for you.,,,"
spam,"You will be receiving this week's Triple Echo ringtone shortly. Enjoy it!,,,"
ham,"The  &lt;#&gt; g that i saw a few days ago, the guy wants sell wifi only for  &lt;#&gt;  and with 3g for  &lt;#&gt; . That's why i blanked him."""",,,"
ham,"I was wondering if it would be okay for you to call uncle john and let him know that things are not the same in nigeria as they r here. That  &lt;#&gt;  dollars is 2years sent and that you know its a strain but i plan to pay back every dime he gives. Every dime so for me to expect anything from you is not practical. Something like that.,,,"
spam,"from www.Applausestore.com MonthlySubscription@50p/msg max6/month T&CsC web age16 2stop txt stop,,,"
ham,"Nvm take ur time.,,,"
ham,"Yes.. now only saw your message..,,,"
spam,"goldviking (29/M) is inviting you to be his friend. Reply YES-762 or NO-762 See him: www.SMS.ac/u/goldviking STOP? Send STOP FRND to 62468,,,"
spam,"Thanks for your ringtone order, reference number X29. Your mobile will be charged 4.50. Should your tone not arrive please call customer services 09065989180"""",,,"
ham,"It is only yesterday true true.,,,"
spam,"WIN: We have a winner! Mr. T. Foley won an iPod! More exciting prizes soon, so keep an eye on ur mobile or visit www.win-82050.co.uk"""",,,"
ham,"Is that seriously how you spell his name?,,,"
spam,"Send a logo 2 ur lover - 2 names joined by a heart. Txt LOVE NAME1 NAME2 MOBNO eg LOVE ADAM EVE 07123456789 to 87077 Yahoo! POBox36504W45WQ TxtNO 4 no ads 150p,,,"
spam,"Bored housewives! Chat n date now! 0871750.77.11! BT-national rate 10p/min only from landlines!,,,"
spam,"Loan for any purpose å£500 - å£75,000. Homeowners + Tenants welcome. Have you been previously refused? We can still help. Call Free 0800 1956669 or text back 'help'"""",,,"
ham,"Well at this right I'm gonna have to get up and check today's steam sales/pee so text me when you want me to come get you,,,"
ham,"Lol ... I knew that .... I saw him in the dollar store,,,"
spam,"u r subscribed 2 TEXTCOMP 250 wkly comp. 1st wk?s free question follows, subsequent wks charged@150p/msg.2 unsubscribe txt STOP 2 84128,custcare 08712405020"""",,,"
spam,"Ur cash-balance is currently 500 pounds - to maximize ur cash-in now send CASH to 86688 only 150p/msg. CC: 08708800282 HG/Suite342/2Lands Row/W1J6HL,,,"
spam,"You are a winner you have been specially selected to receive å£1000 cash or a å£2000 award. Speak to a live operator to claim call 087147123779am-7pm. Cost 10p,,,"
spam,"Final Chance! Claim ur å£150 worth of discount vouchers today! Text YES to 85023 now! SavaMob, member offers mobile! T Cs SavaMob POBOX84, M263UZ. å£3.00 Subs 16"""",,,"
spam,"Someone has conacted our dating service and entered your phone because they fancy you!To find out who it is call from landline 09111030116. PoBox12n146tf15,,,"
ham,"Yeah I can still give you a ride,,,"
spam,"New Mobiles from 2004, MUST GO! Txt: NOKIA to No: 89545 & collect yours today! From ONLY å£1. www.4-tc.biz 2optout 087187262701.50gbp/mtmsg18 TXTAUCTION."""",,,"
ham,"Exactly. Anyways how far. Is jide her to study or just visiting,,,"
spam,"Reply to win å£100 weekly! What professional sport does Tiger Woods play? Send STOP to 87239 to end service,,,"
ham,"Sorry,  in meeting I'll call you later"""",,,"
ham,"Orh i tot u say she now still dun believe.,,,"
ham,"Hai priya are you right. What doctor said pa. Where are you.,,,"
spam,"Save money on wedding lingerie at www.bridal.petticoatdreams.co.uk Choose from a superb selection with national delivery. Brought to you by WeddingFriend,,,"
spam,"You have an important customer service announcement. Call FREEPHONE 0800 542 0825 now!,,,"
spam,"FREE for 1st week! No1 Nokia tone 4 ur mob every week just txt NOKIA to 8007 Get txting and tell ur mates www.getzed.co.uk POBox 36504 W45WQ norm150p/tone 16+,,,"
spam,"1000's of girls many local 2 u who r virgins 2 this & r ready 2 4fil ur every sexual need. Can u 4fil theirs? text CUTE to 69911(å£1.50p. m),,,"
spam,"Get 3 Lions England tone, reply lionm 4 mono or lionp 4 poly. 4 more go 2 www.ringtones.co.uk, the original n best. Tones 3GBP network operator rates apply."""",,,"
spam,"Reply with your name and address and YOU WILL RECEIVE BY POST a weeks completely free accommodation at various global locations www.phb1.com ph:08700435505150p,,,"
spam,"You have an important customer service announcement from PREMIER.,,,"
spam,"As a valued customer, I am pleased to advise you that following recent review of your Mob No. you are awarded with a å£1500 Bonus Prize, call 09066368470"""",,,"
spam,"Urgent! Please call 09061743810 from landline. Your ABTA complimentary 4* Tenerife Holiday or #5000 cash await collection SAE T&Cs Box 326 CW25WX 150 ppm,,,"
spam,"You are a å£1000 winner or Guaranteed Caller Prize, this is our Final attempt to contact you! To Claim Call 09071517866 Now! 150ppmPOBox10183BhamB64XE"""",,,"
ham,"Ooh, 4got, i'm gonna start belly dancing in moseley weds 6.30 if u want 2 join me, they have a cafe too. """",,,"
spam,"Bloomberg -Message center +447797706009 Why wait? Apply for your future http://careers. bloomberg.com,,,"
ham,"Okies... I'll go yan jiu too... We can skip ard oso, go cine den go mrt one, blah blah blah... """",,,"
ham,"Every monday..nxt week vl be completing..,,,"
ham,"No management puzzeles.,,,"
spam,"U 447801259231 have a secret admirer who is looking 2 make contact with U-find out who they R*reveal who thinks UR so special-call on 09058094597,,,"
spam,"For ur chance to win a å£250 wkly shopping spree TXT: SHOP to 80878. T's&C's www.txt-2-shop.com custcare 08715705022, 1x150p/wk"""",,,"
ham,"Sorry light turned green, I meant another friend wanted  &lt;#&gt;  worth but he may not be around"""",,,"
ham,"Its ok my arm is feeling weak cuz i got a shot so we can go another time,,,"
spam,"UR GOING 2 BAHAMAS! CallFREEFONE 08081560665 and speak to a live operator to claim either Bahamas cruise ofå£2000 CASH 18+only. To opt out txt X to 07786200117,,,"
ham,"Aiyah ok wat as long as got improve can already wat...,,,"
ham,"Dont worry. I guess he's busy.,,,"
ham,"Sweet heart how are you?,,,"
spam,"Congrats! Nokia 3650 video camera phone is your Call 09066382422 Calls cost 150ppm Ave call 3mins vary from mobiles 16+ Close 300603 post BCM4284 Ldn WC1N3XX,,,"
spam,"Today's Offer! Claim ur å£150 worth of discount vouchers! Text YES to 85023 now! SavaMob, member offers mobile! T Cs 08717898035. å£3.00 Sub. 16 . Unsub reply X"""",,,"
ham,"have got * few things to do. may be in * pub later.,,,"
ham,"New Theory: Argument wins d SITUATION, but loses the PERSON. So dont argue with ur friends just.. . . . kick them &amp; say, I'm always correct.!"""",,,"
ham,"Cool, we shall go and see, have to go to tip anyway. Are you at home, got something to drop in later? So lets go to town tonight! Maybe mum can take us in."""",,,"
ham,"Er yep sure. Props?,,,"
spam,"HMV BONUS SPECIAL 500 pounds of genuine HMV vouchers to be won. Just answer 4 easy questions. Play Now! Send HMV to 86688 More info:www.100percent-real.com,,,"
ham,"Yup next stop.,,,"
ham,"Wife.how she knew the time of murder exactly,,,"
spam,"Santa Calling! Would your little ones like a call from Santa Xmas eve? Call 09058094583 to book your time.,,,"
ham,"Thanx 4 the time weåÕve spent 2geva, its bin mint! Ur my Baby and all I want is u!xxxx"""",,,"
spam,"Married local women looking for discreet action now! 5 real matches instantly to your phone. Text MATCH to 69969 Msg cost 150p 2 stop txt stop BCMSFWC1N3XX,,,"
spam,"http//tms. widelive.com/index. wml?id=820554ad0a1705572711&first=trueåÁC C RingtoneåÁ,,,"
ham,"Sounds good, keep me posted"""",,,"
spam,"Urgent UR awarded a complimentary trip to EuroDisinc Trav, Aco&Entry41 Or å£1000. To claim txt DIS to 87121 18+6*å£1.50(moreFrmMob. ShrAcomOrSglSuplt)10, LS1 3AJ"""",,,"
ham,"I don't have anybody's number, I still haven't thought up a tactful way to ask alex"""",,,"
ham,"I REALLY NEED 2 KISS U I MISS U MY BABY FROM UR BABY 4EVA,,,"
spam,"Text PASS to 69669 to collect your polyphonic ringtones. Normal gprs charges apply only. Enjoy your tones,,,"
spam,"This message is free. Welcome to the new & improved Sex & Dogging club! To unsubscribe from this service reply STOP. msgs@150p 18+only,,,"
spam,"PRIVATE! Your 2003 Account Statement for <fone no> shows 800 un-redeemed S. I. M. points. Call 08715203656 Identifier Code: 42049 Expires 26/10/04,,,"
spam,"December only! Had your mobile 11mths+? You are entitled to update to the latest colour camera mobile for Free! Call The Mobile Update Co FREE on 08002986906,,,"
ham,"Hey happy birthday...,,,"
spam,"Will u meet ur dream partner soon? Is ur career off 2 a flyng start? 2 find out free, txt HORO followed by ur star sign, e. g. HORO ARIES"""",,,"
spam,"URGENT! Your Mobile number has been awarded with a å£2000 prize GUARANTEED. Call 09061790121 from land line. Claim 3030. Valid 12hrs only 150ppm,,,"
ham,"Tmr then Ì_ brin lar... Aiya later i come n c lar... Mayb Ì_ neva set properly Ì_ got da help sheet wif Ì_...,,,"
spam,"You are guaranteed the latest Nokia Phone, a 40GB iPod MP3 player or a å£500 prize! Txt word: COLLECT to No: 83355! IBHltd LdnW15H 150p/Mtmsgrcvd18"""",,,"
ham,"I'm at work. Please call,,,"
ham,"Hey ! I want you ! I crave you ! I miss you ! I need you ! I love you, Ahmad Saeed al Hallaq ..."""",,,"
spam,"<Forwarded from 88877>FREE entry into our å£250 weekly comp just send the word ENTER to 88877 NOW. 18 T&C www.textcomp.com,,,"
ham,"Nah dub but je still buff,,,"
ham,"K..k..any special today?,,,"
ham,"Good sleep is about rhythm. The person has to establish a rhythm that the body will learn and use. If you want to know more :-),,,"
ham,"Pls send me the correct name da.,,,"
spam,"Congratulations ur awarded 500 of CD vouchers or 125gift guaranteed & Free entry 2 100 wkly draw txt MUSIC to 87066 TnCs www.Ldew.com1win150ppmx3age16,,,"
ham,"No just send to you. Bec you in temple na.,,,"
spam,"IMPORTANT INFORMATION 4 ORANGE USER 0796XXXXXX. TODAY IS UR LUCKY DAY!2 FIND OUT WHY LOG ONTO http://www.urawinner.com THERE'S A FANTASTIC PRIZEAWAITING YOU!,,,"
spam,"Thanks for your ringtone order, reference number X49.Your mobile will be charged 4.50. Should your tone not arrive please call customer services 09065989182"""",,,"
ham,"Just forced myself to eat a slice. I'm really not hungry tho. This sucks. Mark is getting worried. He knows I'm sick when I turn down pizza. Lol,,,"
ham,"I will cme i want to go to hos 2morow. After that i wil cme. This what i got from her dear what to do. She didnt say any time,,,"
spam,"U have a secret admirer who is looking 2 make contact with U-find out who they R*reveal who thinks UR so special-call on 09058094599,,,"
ham,"Men always needs a beautiful, intelligent, caring, loving, adjustable, cooperative wife. But the law allows only one wife...."""",,,"
spam,"PRIVATE! Your 2003 Account Statement for shows 800 un-redeemed S.I.M. points. Call 08715203685 Identifier Code:4xx26 Expires 13/10/04,,,"
ham,"Dear :-/ why you mood off. I cant drive so i brother to drive,,,"
ham,"Yeah no probs - last night is obviously catching up with you... Speak soon ,,,"
ham,"She said,'' do u mind if I go into the bedroom for a minute ? '' ''OK'', I sed in a sexy mood. She came out 5 minuts latr wid a cake...n My Wife,"""",,,"
ham,"Erutupalam thandiyachu,,,"
ham,"Hey... Why dont we just go watch x men and have lunch... Haha ,,,"
spam,"Text BANNEDUK to 89555 to see! cost 150p textoperator g696ga 18+ XXX,,,"
ham,"Wat's my dear doing? Sleeping ah?,,,"
ham,"Why de. You looking good only:-)..,,,"
ham,"HI ITS KATE CAN U GIVE ME A RING ASAP XXX,,,"
spam,"Email AlertFrom: Jeri StewartSize: 2KBSubject: Low-cost prescripiton drvgsTo listen to email call 123,,,"
spam,"25p 4 alfie Moon's Children in need song on ur mob. Tell ur m8s. Txt Tone charity to 8007 for Nokias or Poly charity for polys: zed 08701417012 profit 2 charity.,,,"
ham,"Sorry, I'll call later In meeting."""",,,"
spam,"For your chance to WIN a FREE Bluetooth Headset then simply reply back with \ADP\"""""""""""""""""""",,,"
spam,"U have a secret admirer. REVEAL who thinks U R So special. Call 09065174042. To opt out Reply REVEAL STOP. 1.50 per msg recd. Cust care 07821230901,,,"
spam,"You have 1 new message. Call 0207-083-6089,,,"
ham,"Y so late but i need to go n get da laptop...,,,"
spam,"Free entry to the gr8prizes wkly comp 4 a chance to win the latest Nokia 8800, PSP or å£250 cash every wk.TXT GREAT to 80878 http//www.gr8prizes.com 08715705022"""",,,"
ham,"How dare you change my ring,,,"
spam,"Congratulations - Thanks to a good friend U have WON the å£2,000 Xmas prize. 2 claim is easy, just call 08712103738 NOW! Only 10p per minute. BT-national-rate"""",,,"
spam,"Guess what! Somebody you know secretly fancies you! Wanna find out who it is? Give us a call on 09065394973 from Landline DATEBox1282EssexCM61XN 150p/min 18,,,"
spam,"Hello from Orange. For 1 month's free access to games, news and sport, plus 10 free texts and 20 photo messages, reply YES. Terms apply: www.orange.co.uk/ow"""",,,"
ham,"Buy one egg for me da..please:),,,"
ham,"How long does applebees fucking take,,,"
ham,"Dear,Me at cherthala.in case u r coming cochin pls call bfore u start.i shall also reach accordingly.or tell me which day u r coming.tmorow i am engaged ans its holiday."""",,,"
ham,"And is there a way you can send shade's stuff to her. And she has been wonderful too.,,,"
spam,"SPJanuary Male Sale! Hot Gay chat now cheaper, call 08709222922. National rate from 1.5p/min cheap to 7.8p/min peak! To stop texts call 08712460324 (10p/min)"""",,,"
ham,"S:)no competition for him.,,,"
ham,"Hi did u decide wot 2 get 4 his bday if not ill prob jus get him a voucher frm virgin or sumfing ,,,"
ham,"Yes..gauti and sehwag out of odi series.,,,"
spam,"UÛªve Bin Awarded å£50 to Play 4 Instant Cash. Call 08715203028 To Claim. EVERY 9th Player Wins Min å£50-å£500. OptOut 08718727870,,,"
spam,"Eerie Nokia tones 4u, rply TONE TITLE to 8007 eg TONE DRACULA to 8007 Titles: GHOST, ADDAMSFA, MUNSTERS, EXORCIST, TWILIGHT www.getzed.co.uk POBox36504W45WQ 150p """",,,"
ham,"Long beach lor. Expected... U having dinner now?,,,"
ham,"HMM yeah if your not too grooved out! And im looking forward to my pound special :),,,"
spam,"CDs 4u: Congratulations ur awarded å£500 of CD gift vouchers or å£125 gift guaranteed & Freeentry 2 å£100 wkly draw xt MUSIC to 87066 TnCs www.ldew.com1win150ppmx3age16 ,,,"
spam,"Bears Pic Nick, and Tom, Pete and ... Dick. In fact, all types try gay chat with photo upload call 08718730666 (10p/min). 2 stop texts call 08712460324"""",,,"
spam,"Double your mins & txts on Orange or 1/2 price linerental - Motorola and SonyEricsson with B/Tooth FREE-Nokia FREE Call MobileUpd8 on 08000839402 or2optout/HV9D,,,"
ham,"Din i tell u jus now 420,,,"
spam,"WIN a year supply of CDs 4 a store of ur choice worth å£500 & enter our å£100 Weekly draw txt MUSIC to 87066 Ts&Cs www.Ldew.com.subs16+1win150ppmx3,,,"
spam,"Dear Voucher Holder, To claim this weeks offer, at you PC please go to http://www.e-tlp.co.uk/reward. Ts&Cs apply."""",,,"
ham,"Dad says hurry the hell up,,,"
ham,"I'm home.,,,"
spam,"Had your mobile 11mths ? Update for FREE to Oranges latest colour camera mobiles & unlimited weekend calls. Call Mobile Upd8 on freefone 08000839402 or 2StopTxt,,,"
ham,"I absolutely LOVE South Park! I only recently started watching the office.,,,"
spam,"Guess what! Somebody you know secretly fancies you! Wanna find out who it is? Give us a call on 09065394514 From Landline DATEBox1282EssexCM61XN 150p/min 18,,,"
ham,"I'm there and I can see you, but you can't see me ? Maybe you should reboot ym ? I seen the buzz"""",,,"
spam,"Summers finally here! Fancy a chat or flirt with sexy singles in yr area? To get MATCHED up just reply SUMMER now. Free 2 Join. OptOut txt STOP Help08714742804,,,"
ham,"Haha... can... But i'm having dinner with my cousin...,,,"
ham,"I am in office:)whats the matter..msg me now.i will call you at break:).,,,"
spam,"Collect your VALENTINE'S weekend to PARIS inc Flight & Hotel + å£200 Prize guaranteed! Text: PARIS to No: 69101. www.rtf.sphosting.com,,,"
spam,"I'd like to tell you my deepest darkest fantasies. Call me 09094646631 just 60p/min. To stop texts call 08712460324 (nat rate),,,"
spam,"FreeMsg Hey there darling it's been 3 week's now and no word back! I'd like some fun you up for it still? Tb ok! XxX std chgs to send, å£1.50 to rcv"""",,,"
spam,"January Male Sale! Hot Gay chat now cheaper, call 08709222922. National rate from 1.5p/min cheap to 7.8p/min peak! To stop texts call 08712460324 (10p/min)"""",,,"
ham,"Hurt me... Tease me... Make me cry... But in the end of my life when i die plz keep one rose on my grave and say STUPID I MISS U.. HAVE A NICE DAY BSLVYL,,,"
spam,"Dear Dave this is your final notice to collect your 4* Tenerife Holiday or #5000 CASH award! Call 09061743806 from landline. TCs SAE Box326 CW25WX 150ppm,,,"
ham,"fyi I'm at usf now, swing by the room whenever"""",,,"
spam,"SMS. ac JSco: Energy is high, but u may not know where 2channel it. 2day ur leadership skills r strong. Psychic? Reply ANS w/question. End? Reply END JSCO"""",,,"
ham,"Ok. I asked for money how far,,,"
ham,"I was about to do it when i texted. I finished a long time ago and showered and er'ything!,,,"
ham,"Watching tv lor...,,,"
spam,"FREE MSG:We billed your mobile number by mistake from shortcode 83332.Please call 08081263000 to have charges refunded.This call will be free from a BT landline,,,"
ham," came to look at the flat, seems ok, in his 50s? * Is away alot wiv work. Got woman coming at 6.30 too."""",,,"
spam,"Do you want a New Nokia 3510i colour phone DeliveredTomorrow? With 300 free minutes to any mobile + 100 free texts + Free Camcorder reply or call 08000930705,,,"
spam,"1st wk FREE! Gr8 tones str8 2 u each wk. Txt NOKIA ON to 8007 for Classic Nokia tones or HIT ON to 8007 for Polys. Nokia/150p Poly/200p 16+,,,"
ham,"'Wnevr i wana fal in luv vth my books, My bed fals in luv vth me..!'' . Yen madodu, nav pretsorginta, nammanna pretsovru important alwa....!!:) Gud eveB-)."""",,,"
spam,"URGENT! Your mobile No 07xxxxxxxxx won a å£2,000 bonus caller prize on 02/06/03! this is the 2nd attempt to reach YOU! call 09066362231 ASAP! BOX97N7QP, 150PPM"""",,,"
ham,"Nope i'm not drivin... I neva develop da photos lei...,,,"
ham,"Oh k.i think most of wi and nz players unsold.,,,"
spam,"Wan2 win a Meet+Greet with Westlife 4 U or a m8? They are currently on what tour? 1)Unbreakable, 2)Untamed, 3)Unkempt. Text 1,2 or 3 to 83049. Cost 50p +std text"""",,,"
spam,"WELL DONE! Your 4* Costa Del Sol Holiday or å£5000 await collection. Call 09050090044 Now toClaim. SAE, TCs, POBox334, Stockport, SK38xh, Costå£1.50/pm, Max10mins"""",,,"
spam,"Join the UK's horniest Dogging service and u can have sex 2nite!. Just sign up and follow the instructions. Txt ENTRY to 69888 now! Nyt.EC2A.3LP.msg@150p,,,"
ham,"Yup i'm elaborating on the safety aspects and some other issues..,,,"
spam,"Hey Boys. Want hot XXX pics sent direct 2 ur phone? Txt PORN to 69855, 24Hrs free and then just 50p per day. To stop text STOPBCM SF WC1N3XX"""",,,"
spam,"URGENT! We are trying to contact U. Todays draw shows that you have won a å£2000 prize GUARANTEED. Call 09066358361 from land line. Claim Y87. Valid 12hrs only,,,"
ham,"Today is ACCEPT DAY..U Accept me as? Brother Sister Lover Dear1 Best1 Clos1 Lvblefrnd Jstfrnd Cutefrnd Lifpartnr Belovd Swtheart Bstfrnd No rply means enemy,,,"
spam,"This is the 2nd time we have tried 2 contact u. U have won the 750 Pound prize. 2 claim is easy, call 08712101358 NOW! Only 10p per min. BT-national-rate"""",,,"
ham,"Got fujitsu, ibm, hp, toshiba... Got a lot of model how to say..."""",,,"
ham,"Gosh that , what a pain. Spose I better come then."""",,,"
ham,"Ok. No wahala. Just remember that a friend in need ...,,,"
ham,"Kaiez... Enjoy ur tuition... Gee... Thk e second option sounds beta... I'll go yan jiu den msg u...,,,"
spam,"Congratulations ur awarded either a yrs supply of CDs from Virgin Records or a Mystery Gift GUARANTEED Call 09061104283 Ts&Cs www.smsco.net å£1.50pm approx 3mins,,,"
ham,"If we hit it off, you can move in with me :)"""",,,"
ham,"Ok i go change also...,,,"
ham,"Yes just finished watching days of our lives. I love it.,,,"
ham,"Yeah confirmed for you staying at  that weekend,,,"
spam,"FREE2DAY sexy St George's Day pic of Jordan!Txt PIC to 89080 dont miss out, then every wk a saucy celeb!4 more pics c PocketBabe.co.uk 0870241182716 å£3/wk"""",,,"
ham,"Nt only for driving even for many reasons she is called BBD..thts it chikku, then hw abt dvg cold..heard tht vinobanagar violence hw is the condition..and hw ru ? Any problem?"""",,,"
ham,"I want to tell you how bad I feel that basically the only times I text you lately are when I need drugs,,,"
ham,"Ok but tell me half an hr b4 u come i need 2 prepare.,,,"
spam,"YOU HAVE WON! As a valued Vodafone customer our computer has picked YOU to win a å£150 prize. To collect is easy. Just call 09061743386,,,"
spam,"RGENT! This is the 2nd attempt to contact U!U have WON å£1250 CALL 09071512433 b4 050703 T&CsBCM4235WC1N3XX. callcost 150ppm mobilesvary. maxå£7. 50,,,"
spam,"todays vodafone numbers ending with 0089(my last four digits) are selected to received a å£350 award. If your number matches please call 09063442151 to claim your å£350 award,,,"
ham,"'An Amazing Quote'' - \Sometimes in life its difficult to decide whats wrong!! a lie that brings a smile or the truth that brings a tear....\"""""""""""""""""""",,,"
ham,"Yo do you know anyone  &lt;#&gt;  or otherwise able to buy liquor? Our guy flaked and right now if we don't get a hold of somebody its just 4 loko all night,,,"
spam,"SMS. ac sun0819 posts HELLO:\You seem cool,"""" wanted to say hi. HI!!!\"""""""" Stop? Send STOP to 62468"""""""""""",,"
spam,"URGENT! We are trying to contact you. Last weekends draw shows that you have won a å£900 prize GUARANTEED. Call 09061701939. Claim code S89. Valid 12hrs only,,,"
spam,"REMINDER FROM O2: To get 2.50 pounds free call credit and details of great offers pls reply 2 this text with your valid name, house no and postcode"""",,,"
spam,"As a Registered Subscriber yr draw 4 a å£100 gift voucher will b entered on receipt of a correct ans. When are the next olympics. Txt ans to 80062,,,"
spam,"Hungry gay guys feeling hungry and up 4 it, now. Call 08718730555 just 10p/min. To stop texts call 08712460324 (10p/min)"""",,,"
spam,"FREE for 1st week! No1 Nokia tone 4 ur mob every week just txt NOKIA to 87077 Get txting and tell ur mates. zed POBox 36504 W45WQ norm150p/tone 16+,,,"
spam,"This weeks SavaMob member offers are now accessible. Just call 08709501522 for details! SavaMob, POBOX 139, LA3 2WU. Only å£1.50/week. SavaMob - offers mobile!"""",,,"
spam,"Cashbin.co.uk (Get lots of cash this weekend!) www.cashbin.co.uk Dear Welcome to the weekend We have got our biggest and best EVER cash give away!! These..,,,"
ham,"ÌÏ come lt 25 n pass to me lar,,,"
spam,"PRIVATE! Your 2003 Account Statement for shows 800 un-redeemed S. I. M. points. Call 08715203652 Identifier Code: 42810 Expires 29/10/0,,,"
spam,"Had your mobile 11 months or more? U R entitled to Update to the latest colour mobiles with camera for Free! Call The Mobile Update Co FREE on 08002986030,,,"
spam,"Customer service annoncement. You have a New Years delivery waiting for you. Please call 07046744435 now to arrange delivery,,,"
ham,"Abeg, make profit. But its a start. Are you using it to get sponsors for the next event?"""",,,"
ham,"yeah, that's what I was thinking"""",,,"
ham,"Well done and ! luv ya all ,,,"
spam,"Can U get 2 phone NOW? I wanna chat 2 set up meet Call me NOW on 09096102316 U can cum here 2moro Luv JANE xx Callså£1/minmoremobsEMSPOBox45PO139WA,,,"
ham,"If I was I wasn't paying attention,,,"
ham,"One day a crab was running on the sea shore..The waves came n cleared the footprints of the crab.. Crab asked: being my frnd y r u clearing my beautiful footprints? Waves replied: A fox was following ur footprints to catch you! thats y i cleared it off:) frndsship never lets u dwn :-) GUD nyt..,,,"
ham,"I can't keep going through this. It was never my intention to run you out, but if you choose to do that rather than keep the room clean so *I* don't have to say no to visitors, then maybe that's the best choice. Yes, I wanted you to be embarassed, so maybe you'd feel for once how I feel when i have a friend who wants to drop buy and i have to say no, as happened this morning. I've tried everything. I don't know what else to do."""",,,"
spam,"Wanna get laid 2nite? Want real Dogging locations sent direct to ur mobile? Join the UK's largest Dogging Network. Txt PARK to 69696 now! Nyt. ec2a. 3lp å£1.50/msg,,,"
ham,"Princess, i like to make love  &lt;#&gt;  times per night. Hope thats not a problem!"""",,,"
ham,"I'm at home n ready...,,,"
spam,"Free 1st week entry 2 TEXTPOD 4 a chance 2 win 40GB iPod or å£250 cash every wk. Txt POD to 84128 Ts&Cs www.textpod.net custcare 08712405020.,,,"
spam,"Someonone you know is trying to contact you via our dating service! To find out who it could be call from your mobile or landline 09064015307 BOX334SK38ch ,,,"
spam,"Ur cash-balance is currently 500 pounds - to maximize ur cash-in now send GO to 86688 only 150p/meg. CC: 08718720201 HG/Suite342/2lands Row/W1j6HL,,,"
spam,"Hi, this is Mandy Sullivan calling from HOTMIX FM...you are chosen to receive å£5000.00 in our Easter Prize draw.....Please telephone 09041940223 to claim before 29/03/05 or your prize will be transferred to someone else...."""",,,"
ham,"R Ì_ going 4 today's meeting?,,,"
spam,"tells u 2 call 09066358152 to claim å£5000 prize. U have 2 enter all ur mobile & personal details @ the prompts. Careful!,,,"
ham,"Ill call u 2mrw at ninish, with my address that icky American freek wont stop callin me 2 bad Jen k eh?"""",,,"
spam,"You are being contacted by our dating service by someone you know! To find out who it is, call from a land line 09050000928. PoBox45W2TG150P"""",,,"
spam,"Call Germany for only 1 pence per minute! Call from a fixed line via access number 0844 861 85 85. No prepayment. Direct access!,,,"
spam,"Get ur 1st RINGTONE FREE NOW! Reply to this msg with TONE. Gr8 TOP 20 tones to your phone every week just å£1.50 per wk 2 opt out send STOP 08452810071 16,,,"
spam,"PRIVATE! Your 2003 Account Statement for shows 800 un-redeemed S.I.M. points. Call 08718738001 Identifier Code: 49557 Expires 26/11/04,,,"
ham,"Wanna do some art?! :D,,,"
spam,"Congrats! 2 mobile 3G Videophones R yours. call 09063458130 now! videochat wid your mates, play java games, Dload polyPH music, noline rentl."""",,,"
ham,"Take something for pain. If it moves however to any side in the next 6hrs see a doctor.,,,"
spam,"Spook up your mob with a Halloween collection of a logo & pic message plus a free eerie tone, txt CARD SPOOK to 8007 zed 08701417012150p per logo/pic """",,,"
ham,"Are you sure you don't mean \get here,"""" we made you hold all the weed\"""""""""""""""""""",,"
spam,"To review and KEEP the fantastic Nokia N-Gage game deck with Club Nokia, go 2 www.cnupdates.com/newsletter. unsubscribe from alerts reply with the word OUT"""",,,"
ham,"Oh ok..,,,"
ham,"Both :) i shoot big loads so get ready!,,,"
ham,"Aiyar u so poor thing... I give u my support k... Jia you! I'll think of u...,,,"
spam,"Mobile Club: Choose any of the top quality items for your mobile. 7cfca1a,,,"
ham,"Meet after lunch la...,,,"
ham,"Hows that watch resizing,,,"
ham,"Two fundamentals of cool life: \Walk,"""" like you are the KING\""""""""...! OR \""""""""Walk like you Dont care"""",""""whoever is the KING\""""""""!... Gud nyt"""""""""""","
ham,"But my family not responding for anything. Now am in room not went to home for diwali but no one called me and why not coming. It makes me feel like died.,,,"
ham,"Wen ur lovable bcums angry wid u, dnt take it seriously.. Coz being angry is d most childish n true way of showing deep affection, care n luv!.. kettoda manda... Have nice day da."""",,,"
ham,"Congrats. That's great. I wanted to tell you not to tell me your score cos it might make me relax. But its motivating me so thanks for sharing,,,"
spam,"This is the 2nd attempt to contract U, you have won this weeks top prize of either å£1000 cash or å£200 prize. Just call 09066361921"""",,,"
ham,"I know a few people I can hit up and fuck to the yes,,,"
spam,"New TEXTBUDDY Chat 2 horny guys in ur area 4 just 25p Free 2 receive Search postcode or at gaytextbuddy.com. TXT ONE name to 89693. 08715500022 rpl Stop 2 cnl,,,"
ham,"No we sell it all so we'll have tons if coins. Then sell our coins to someone thru paypal. Voila! Money back in life pockets:),,,"
ham,"Pls give her prometazine syrup. 5mls then  &lt;#&gt; mins later feed.,,,"
spam,"Block Breaker now comes in deluxe format with new features and great graphics from T-Mobile. Buy for just å£5 by replying GET BBDELUXE and take the challenge,,,"
ham,"Like a personal sized or what,,,"
spam,"Do you want 750 anytime any network mins 150 text and a NEW VIDEO phone for only five pounds per week call 08002888812 or reply for delivery tomorrow,,,"
spam,"tddnewsletter@emc1.co.uk (More games from TheDailyDraw) Dear Helen, Dozens of Free Games - with great prizesWith.."""",,,"
ham,"Oic... Then better quickly go bathe n settle down...,,,"
ham,"Did you catch the bus ? Are you frying an egg ? Did you make a tea? Are you eating your mom's left over dinner ? Do you feel my Love ?,,,"
spam,"XXXMobileMovieClub: To use your credit, click the WAP link in the next txt message or click here>> http://wap. xxxmobilemovieclub.com?n=QJKGIGHJJGCBL"""",,,"
spam,"Get your garden ready for summer with a FREE selection of summer bulbs and seeds worth å£33:50 only with The Scotsman this Saturday. To stop go2 notxt.co.uk,,,"
spam,"Text82228>> Get more ringtones, logos and games from www.txt82228.com. Questions: info@txt82228.co.uk"""",,,"
spam,"Your next amazing xxx PICSFREE1 video will be sent to you enjoy! If one vid is not enough for 2day text back the keyword PICSFREE1 to get the next video.,,,"
spam,"For sale - arsenal dartboard. Good condition but no doubles or trebles!,,,"
ham,"Uhhhhrmm isnt having tb test bad when youre sick,,,"
ham,"Ya srsly better than yi tho,,,"
spam,"Sexy Singles are waiting for you! Text your AGE followed by your GENDER as wither M or F E.G.23F. For gay men text your AGE followed by a G. e.g.23G.,,,"
ham,"say thanks2. ,,,"
spam,"Thanks for your subscription to Ringtone UK your mobile will be charged å£5/month Please confirm by replying YES or NO. If you reply NO you will not be charged,,,"
spam,"LORD OF THE RINGS:RETURN OF THE KING in store NOW!REPLY LOTR by 2 June 4 Chance 2 WIN LOTR soundtrack CDs StdTxtRate. Reply STOP to end txts,,,"
spam,"URGENT!! Your 4* Costa Del Sol Holiday or å£5000 await collection. Call 09050090044 Now toClaim. SAE, TC s, POBox334, Stockport, SK38xh, Costå£1.50/pm, Max10mins"""",,,"
spam,"SMS AUCTION You have won a Nokia 7250i. This is what you get when you win our FREE auction. To take part send Nokia to 86021 now. HG/Suite342/2Lands Row/W1JHL 16+,,,"
spam,"YOU VE WON! Your 4* Costa Del Sol Holiday or å£5000 await collection. Call 09050090044 Now toClaim. SAE, TC s, POBox334, Stockport, SK38xh, Costå£1.50/pm, Max10mins"""",,,"
ham,"R u over scratching it?,,,"
spam,"HMV BONUS SPECIAL 500 pounds of genuine HMV vouchers to be won. Just answer 4 easy questions. Play Now! Send HMV to 86688 More info:www.100percent-real.com,,,"
ham,"It so happens that there r 2waxsto do wat you want. She can come and ill get her medical insurance. And she'll be able to deliver and have basic care. I'm currently shopping for the right medical insurance for her. So just give me til friday morning. Thats when i.ll see the major person that can guide me to the right insurance.,,,"
ham,"Also north carolina and texas atm, you would just go to the gre site and pay for the test results to be sent."""",,,"
ham,"No she didnt. I will search online and let you know.,,,"
ham,"How. Its a little difficult but its a simple way to enter this place,,,"
spam,"A å£400 XMAS REWARD IS WAITING FOR YOU! Our computer has randomly picked you from our loyal mobile customers to receive a å£400 reward. Just call 09066380611,,,"
spam,"Bored housewives! Chat n date now! 0871750.77.11! BT-national rate 10p/min only from landlines!,,,"
ham,"Beerage?,,,"
spam,"Hello darling how are you today? I would love to have a chat, why dont you tell me what you look like and what you are in to sexy?"""",,,"
ham,"Shuhui has bought ron's present it's a swatch watch...,,,"
spam,"87077: Kick off a new season with 2wks FREE goals & news to ur mobile! Txt ur club name to 87077 eg VILLA to 87077,,,"
ham,"Ok then i will come to ur home after half an hour,,,"
ham,"I am late. I will be there at,,,"
ham,"No no. I will check all rooms befor activities,,,"
ham,"What r u cooking me for dinner?,,,"
ham,"Al he does is moan at me if n e thin goes wrong its my fault&al de arguments r my fault&fed up of him of himso y bother? Hav 2go, thanx.xx"""",,,"
spam,"Do you realize that in about 40 years, we'll have thousands of old ladies running around with tattoos?"""",,,"
ham,"Were somewhere on Fredericksburg,,,"
spam,"Want 2 get laid tonight? Want real Dogging locations sent direct 2 ur Mob? Join the UK's largest Dogging Network by txting MOAN to 69888Nyt. ec2a. 31p.msg@150p,,,"
spam,"U have won a nokia 6230 plus a free digital camera. This is what u get when u win our FREE auction. To take part send NOKIA to 83383 now. POBOX114/14TCR/W1 16,,,"
ham,"Dear Hero,i am leaving to qatar tonite for an apt opportunity.pls do keep in touch at  &lt;EMAIL&gt; ,kerala"""",,,"
ham,"Ok... But bag again..,,,"
spam,"all the lastest from Stereophonics, Marley, Dizzee Racal, Libertines and The Strokes! Win Nookii games with Flirt!! Click TheMob WAP Bookmark or text WAP to 82468"""",,,"
ham,"I'm in inside office..still filling forms.don know when they leave me.,,,"
ham,"S:)s.nervous  &lt;#&gt; :),,,"
ham,"Aight ill get on fb in a couple minutes,,,"
ham,"Watching cartoon, listening music &amp; at eve had to go temple &amp; church.. What about u?"""",,,"
spam,"Ur cash-balance is currently 500 pounds - to maximize ur cash-in now send GO to 86688 only 150p/msg. CC: 08718720201 PO BOX 114/14 TCR/W1,,,"
spam,"PRIVATE! Your 2003 Account Statement for 07808 XXXXXX shows 800 un-redeemed S. I. M. points. Call 08719899217 Identifier Code: 41685 Expires 07/11/04,,,"
spam,"**FREE MESSAGE**Thanks for using the Auction Subscription Service. 18 . 150p/MSGRCVD 2 Skip an Auction txt OUT. 2 Unsubscribe txt STOP CustomerCare 08718726270,,,"
spam,"Do you want a new Video phone? 600 anytime any network mins 400 Inclusive Video calls AND downloads 5 per week Free delTOMORROW call 08002888812 or reply NOW,,,"
ham,"Headin towards busetop,,,"
ham,"Love isn't a decision, it's a feeling. If we could decide who to love, then, life would be much simpler, but then less magical"""",,,"
spam,"Mila, age23, blonde, new in UK. I look sex with UK guys. if u like fun with me. Text MTALK to 69866.18 . 30pp/txt 1st 5free. å£1.50 increments. Help08718728876"""",,,"
ham,"Mode men or have you left.,,,"
spam,"As a valued customer, I am pleased to advise you that following recent review of your Mob No. you are awarded with a å£1500 Bonus Prize, call 09066364589"""",,,"
ham,"They have a thread on the wishlist section of the forums where ppl post nitro requests. Start from the last page and collect from the bottom up.,,,"
spam,"Congratulations ur awarded either å£500 of CD gift vouchers & Free entry 2 our å£100 weekly draw txt MUSIC to 87066 TnCs www.Ldew.com1win150ppmx3age16,,,"
spam,"Dear Subscriber ur draw 4 å£100 gift voucher will b entered on receipt of a correct ans. When was Elvis Presleys Birthday? TXT answer to 80062,,,"
ham,"I send the print  outs da.,,,"
spam,"Last Chance! Claim ur å£150 worth of discount vouchers today! Text SHOP to 85023 now! SavaMob, offers mobile! T Cs SavaMob POBOX84, M263UZ. å£3.00 Sub. 16"""",,,"
spam,"Message Important information for O2 user. Today is your lucky day! 2 find out why log onto http://www.urawinner.com there is a fantastic surprise awaiting you,,,"
spam,"3. You have received your mobile content. Enjoy,,,"
spam,"Bought one ringtone and now getting texts costing 3 pound offering more tones etc,,,"
ham,"Alright took the morphine. Back in yo.,,,"
spam,"Great News! Call FREEFONE 08006344447 to claim your guaranteed å£1000 CASH or å£2000 gift. Speak to a live operator NOW!,,,"
spam,"FreeMsg Hey U, i just got 1 of these video/pic fones, reply WILD to this txt & ill send U my pics, hurry up Im so bored at work xxx (18 150p/rcvd STOP2stop)"""",,,"
ham,"Just dropped em off, omw back now"""",,,"
spam,"Call from 08702490080 - tells u 2 call 09066358152 to claim å£5000 prize. U have 2 enter all ur mobile & personal details @ the prompts. Careful!,,,"
ham,"Reckon need to be in town by eightish to walk from * carpark.,,,"
ham,"Heart is empty without love.. Mind is empty without wisdom.. Eyes r empty without dreams &amp; Life is empty without frnds.. So Alwys Be In Touch. Good night &amp; sweet dreams,,,"
spam,"FREE>Ringtone! Reply REAL or POLY eg REAL1 1. PushButton 2. DontCha 3. BabyGoodbye 4. GoldDigger 5. WeBeBurnin 1st tone FREE and 6 more when u join for å£3/wk,,,"
spam,"LookAtMe!: Thanks for your purchase of a video clip from LookAtMe!, you've been charged 35p. Think you can do better? Why not send a video in a MMSto 32323."""",,,"
spam,"Customer service announcement. We recently tried to make a delivery to you but were unable to do so, please call 07099833605 to re-schedule. Ref:9280114"""",,,"
ham,"The house is on the water with a dock, a boat rolled up with a newscaster who dabbles in jazz flute behind the wheel"""",,,"
spam,"URGENT! We are trying to contact U. Todays draw shows that you have won a å£800 prize GUARANTEED. Call 09050003091 from land line. Claim C52. Valid 12hrs only,,,"
spam,"Our brand new mobile music service is now live. The free music player will arrive shortly. Just install on your phone to browse content from the top artists.,,,"
ham,"Was just about to ask. Will keep this one. Maybe that's why you didn't get all the messages we sent you on glo,,,"
ham,"Hi this is yijue, can i meet u at 11 tmr?"""",,,"
spam,"Am new 2 club & dont fink we met yet Will B gr8 2 C U Please leave msg 2day wiv ur area 09099726553 reply promised CARLIE x Callså£1/minMobsmore LKPOBOX177HP51FL,,,"
spam,"Refused a loan? Secured or Unsecured? Can't get credit? Call free now 0800 195 6669 or text back 'help' & we will!,,,"
spam,"Missed call alert. These numbers called but left no message. 07008009200,,,"
spam,"Hi, the SEXYCHAT girls are waiting for you to text them. Text now for a great night chatting. send STOP to stop this service"""",,,"
spam,"XMAS Prize draws! We are trying to contact U. Todays draw shows that you have won a å£2000 prize GUARANTEED. Call 09058094565 from land line. Valid 12hrs only,,,"
spam,"Ringtone Club: Gr8 new polys direct to your mobile every week !,,,"
ham,"Motivate Behind every darkness, there is a shining light waiting for you to find it... Behind every best friend, there is always trust and love... BSLVYL"""",,,"
ham,"U sure u can't take any sick time?,,,"
spam,"Please call our customer service representative on FREEPHONE 0808 145 4742 between 9am-11pm as you have WON a guaranteed å£1000 cash or å£5000 prize!,,,"
spam,"Todays Voda numbers ending 5226 are selected to receive a ?350 award. If you hava a match please call 08712300220 quoting claim code 1131 standard rates app ,,,"
ham,"Nite nite pocay wocay luv u more than n e thing 4eva I promise ring u 2morrowxxxx,,,"
ham,"ZOE IT JUST HIT ME 2 IM FUCKING SHITIN MYSELF IL DEFO TRY MY HARDEST 2 CUM 2MOROW LUV U MILLIONS LEKDOG,,,"
ham,"Is ur changes 2 da report big? Cos i've already made changes 2 da previous report.,,,"
ham,"The message sent is askin for  &lt;#&gt; dollars. Shoul i pay  &lt;#&gt;  or  &lt;#&gt; ?,,,"
spam,"Please CALL 08712402779 immediately as there is an urgent message waiting for you,,,"
spam,"This msg is for your mobile content order It has been resent as previous attempt failed due to network error Queries to customersqueries@netvision.uk.com,,,"
spam,"For ur chance to win a å£250 wkly shopping spree TXT: SHOP to 80878. T's&C's www.txt-2-shop.com custcare 08715705022, 1x150p/wk"""",,,"
ham,"Ugh. Gotta drive back to sd from la. My butt is sore.,,,"
ham,"Thanx but my birthday is over already.,,,"
spam,"Dear Voucher Holder, 2 claim this weeks offer, at your PC go to http://www.e-tlp.co.uk/expressoffer Ts&Cs apply.2 stop texts txt STOP to 80062."""",,,"
ham,"Saw Guys and Dolls last night with Patrick Swayze it was great,,,"
spam,"Free Msg: Ringtone!From: http://tms. widelive.com/index. wml?id=1b6a5ecef91ff9*37819&first=true18:0430-JUL-05,,,"
ham,"Jus finish watching tv... U?,,,"
spam,"You have WON a guaranteed å£1000 cash or a å£2000 prize. To claim yr prize call our customer service representative on 08714712412 between 10am-7pm Cost 10p,,,"
spam,"Gr8 new service - live sex video chat on your mob - see the sexiest dirtiest girls live on ur phone - 4 details text horny to 89070 to cancel send STOP to 89070,,,"
spam,"Please call Amanda with regard to renewing or upgrading your current T-Mobile handset free of charge. Offer ends today. Tel 0845 021 3680 subject to T's and C's,,,"
spam,"Urgent Please call 09066612661 from landline. å£5000 cash or a luxury 4* Canary Islands Holiday await collection. T&Cs SAE award. 20M12AQ. 150ppm. 16+ ÛÏ,,,"
spam,"URGENT! Your Mobile number has been awarded a <UKP>2000 prize GUARANTEED. Call 09061790125 from landline. Claim 3030. Valid 12hrs only 150ppm,,,"
ham,"In which place i can get rooms cheap:-),,,"
spam,"Think ur smart ? Win å£200 this week in our weekly quiz, text PLAY to 85222 now!T&Cs WinnersClub PO BOX 84, M26 3UZ. 16+. GBP1.50/week"""",,,"
ham,"Message:some text missing* Sender:Name Missing* *Number Missing *Sent:Date missing *Missing U a lot thats y everything is missing sent via fullonsms.com,,,"
spam,"TheMob> Check out our newest selection of content, Games, Tones, Gossip, babes and sport, Keep your mobile fit and funky text WAP to 82468"""",,,"
ham,"You still coming tonight?,,,"
ham,"Never y lei... I v lazy... Got wat? Dat day Ì_ send me da url cant work one...,,,"
spam,"Get your garden ready for summer with a FREE selection of summer bulbs and seeds worth å£33:50 only with The Scotsman this Saturday. To stop go2 notxt.co.uk,,,"
ham,"Tell them the drug dealer's getting impatient,,,"
ham,"Ofcourse I also upload some songs,,,"
ham,"K actually can you guys meet me at the sunoco on howard? It should be right on the way,,,"
ham,"Hi! You just spoke to MANEESHA V. We'd like to know if you were satisfied with the experience. Reply Toll Free with Yes or No.,,,"
ham,"Gettin rdy to ship comp,,,"
ham,"Hey babe, how's it going ? Did you ever figure out where your going for New Years ?"""",,,"
spam,"U were outbid by simonwatson5120 on the Shinco DVD Plyr. 2 bid again, visit sms. ac/smsrewards 2 end bid notifications, reply END OUT"""",,,"
spam,"Natalie (20/F) is inviting you to be her friend. Reply YES-165 or NO-165 See her: www.SMS.ac/u/natalie2k9 STOP? Send STOP FRND to 62468,,,"
ham,"Pls call me da. What happen.,,,"
ham,"Juz go google n search 4 qet...,,,"
spam,"Dear Voucher Holder, To claim this weeks offer, at you PC please go to http://www.e-tlp.co.uk/expressoffer Ts&Cs apply. To stop texts, txt STOP to 80062"""",,,"
spam,"UpgrdCentre Orange customer, you may now claim your FREE CAMERA PHONE upgrade for your loyalty. Call now on 0207 153 9153. Offer ends 26th July. T&C's apply. Opt-out available"""",,,"
ham,"Where @,,,"
ham,"how are you? I miss you!,,,"
spam,"EASTENDERS TV Quiz. What FLOWER does DOT compare herself to? D= VIOLET E= TULIP F= LILY txt D E or F to 84025 NOW 4 chance 2 WIN å£100 Cash WKENT/150P16+,,,"
spam,"This is the 2nd time we have tried to contact u. U have won the å£1450 prize to claim just call 09053750005 b4 310303. T&Cs/stop SMS 08718725756. 140ppm,,,"
ham,"Damn, can you make it tonight or do you want to just wait til tomorrow"""",,,"
ham,"So what about you. What do you remember,,,"
spam,"FreeMsg Hi baby wow just got a new cam moby. Wanna C a hot pic? or Fancy a chat?Im w8in 4uTxt / rply CHAT to 82242 Hlp 08712317606 Msg150p 2rcv,,,"
ham,"Rightio. 11.48 it is then. Well arent we all up bright and early this morning.,,,"
ham,"Slaaaaave ! Where are you ? Must I summon you to me all the time now ? Don't you wish to come to me on your own anymore?,,,"
ham,"I'll text now! All creepy like so he won't think that we forgot,,,"
spam,"44 7732584351, Do you want a New Nokia 3510i colour phone DeliveredTomorrow? With 300 free minutes to any mobile + 100 free texts + Free Camcorder reply or call 08000930705."""",,,"
spam,"Ur TONEXS subscription has been renewed and you have been charged å£4.50. You can choose 10 more polys this month. www.clubzed.co.uk *BILLING MSG*,,,"
spam,"wamma get laid?want real doggin locations sent direct to your mobile? join the UKs largest dogging network. txt dogs to 69696 now!nyt. ec2a. 3lp å£1.50/msg.,,,"
ham,"How are you holding up?,,,"
spam,"Call FREEPHONE 0800 542 0578 now!,,,"
spam,"I want some cock! My hubby's away, I need a real man 2 satisfy me. Txt WIFE to 89938 for no strings action. (Txt STOP 2 end, txt rec å£1.50ea. OTBox 731 LA1 7WS. )"""",,,"
ham,"They r giving a second chance to rahul dengra.,,,"
ham,"Nothing just getting msgs by dis name wit different no's..,,,"
ham,"Uncle boye. I need movies oh. Guide me. Plus you know torrents are not particularly legal here. And the system is slowing down. What should i do. Have a gr8 day. Plus have you started cos i dont meet you online. How was the honey moon.,,,"
ham,"Is there coming friday is leave for pongal?do you get any news from your work place.,,,"
ham,"Omg how did u know what I ate?,,,"
ham,"When did dad get back.,,,"
spam,"Win the newest ÛÏHarry Potter and the Order of the Phoenix (Book 5) reply HARRY, answer 5 questions - chance to be the first among readers!"""",,,"
spam,"Shop till u Drop, IS IT YOU, either 10K, 5K, å£500 Cash or å£100 Travel voucher, Call now, 09064011000. NTT PO Box CR01327BT fixedline Cost 150ppm mobile vary"""",,,"
ham,"Hey... Very inconvenient for your sis a not huh?,,,"
spam,"We tried to contact you re your reply to our offer of a Video Phone 750 anytime any network mins Half Price Line Rental Camcorder Reply or call 08000930705,,,"
spam,"network operator. The service is free. For T & C's visit 80488.biz,,,"
ham,"I know where the  &lt;#&gt;  is, I'll be there around 5"""",,,"
spam,"FreeMsg: Txt: CALL to No: 86888 & claim your reward of 3 hours talk time to use from your phone now! Subscribe6GBP/mnth inc 3hrs 16 stop?txtStop,,,"
ham,"Hi Jon, Pete here, Ive bin 2 Spain recently & hav sum dinero left, Bill said u or ur åÔrents mayb interested in it, I hav 12,000pes, so around å£48, tb, James."""",,,"
ham,"Hey , is * rite u put åÈ10 evey mnth is that all?"""",,,"
ham,"No da..today also i forgot..,,,"
spam,"This is the 2nd time we have tried 2 contact u. U have won the 750 Pound prize. 2 claim is easy, call 08712101358 NOW! Only 10p per min. BT-national-rate"""",,,"
ham,"Double eviction this week - Spiral and Michael and good riddance to them!,,,"
ham,"I jus hope its true that  missin me cos i'm really missin him! You haven't done anything to feel guilty about, yet."""",,,"
spam,"Camera - You are awarded a SiPix Digital Camera! call 09061221066 fromm landline. Delivery within 28 days,,,"
ham,"Probably, want to pick up more?"""",,,"
ham,"Ok then no need to tell me anything i am going to sleep good night,,,"
spam,"You have been specially selected to receive a 2000 pound award! Call 08712402050 BEFORE the lines close. Cost 10ppm. 16+. T&Cs apply. AG Promo,,,"
ham,"Awesome, plan to get here any time after like  &lt;#&gt; , I'll text you details in a wee bit"""",,,"
spam,"You have an important customer service announcement from PREMIER. Call FREEPHONE 0800 542 0578 now!,,,"
spam,"Do you want a New Nokia 3510i Colour Phone Delivered Tomorrow? With 200 FREE minutes to any mobile + 100 FREE text + FREE camcorder Reply or Call 8000930705,,,"
spam,"Someone has contacted our dating service and entered your phone becausethey fancy you! To find out who it is call from a landline 09058098002. PoBox1, W14RG 150p"""",,,"
spam,"Your B4U voucher w/c 27/03 is MARSMS. Log onto www.B4Utele.com for discount credit. To opt out reply stop. Customer care call 08717168528,,,"
ham,"Pete,is this your phone still? Its Jenny from college and Leanne.what are you up to now?:)"""",,,"
ham,"Unni thank you dear for the recharge..Rakhesh,,,"
ham,"Cool, I'll text you in a few"""",,,"
ham,"When you are big..| God will bring success.,,,"
spam,"Promotion Number: 8714714 - UR awarded a City Break and could WIN a å£200 Summer Shopping spree every WK. Txt STORE to 88039 . SkilGme. TsCs087147403231Winawk!Age16 å£1.50perWKsub,,,"
ham,"No he didn't. Spring is coming early yay!,,,"
spam,"URGENT! You have won a 1 week FREE membership in our å£100,000 Prize Jackpot! Txt the word: CLAIM to No: 81010 T&C www.dbuk.net LCCLTD POBOX 4403LDNW1A7RW18"""",,,"
ham,"No shoot me. I'm in the docs waiting room. :/,,,"
spam,"Someone U know has asked our dating service 2 contact you! Cant Guess who? CALL 09058097189 NOW all will be revealed. POBox 6, LS15HB 150p """",,,"
spam,"U have a Secret Admirer who is looking 2 make contact with U-find out who they R*reveal who thinks UR so special-call on 09065171142-stopsms-08,,,"
ham,"\Hello-/@drivby-:0quit edrunk sorry iff pthis makes no senrd-dnot no how ^ dancce 2 drum n basq!ihave fun 2nhite x ros xxxxxxx\"""""""""""""""""""",,,"
ham,"The Xmas story is peace.. The Xmas msg is love.. The Xmas miracle is jesus.. Hav a blessed month ahead &amp; wish U Merry Xmas...,,,"
ham,"Hi. Hope ur day * good! Back from walk, table booked for half eight. Let me know when ur coming over."""",,,"
ham,"Nothing, smsing u n xy lor. Sorry lor da guys neva c u in person but they sort of know u lor. So u wan 2 meet them xy ask me 2 bring u along 4 our next meeting."""",,,"
ham,"Thats cool. i liked your photos. You are very sexy!,,,"
spam,"URGENT. Important information for 02 user. Today is your lucky day! 2 find out why , log onto http://www.urawinner.com there is a fantastic surprise awaiting you !"""",,,"
ham,"So how's scotland. Hope you are not over showing your JJC tendencies. Take care. Live the dream,,,"
spam,"How about getting in touch with folks waiting for company? Just txt back your NAME and AGE to opt in! Enjoy the community (150p/SMS),,,"
spam,"Double Mins & Double Txt & 1/2 price Linerental on Latest Orange Bluetooth mobiles. Call MobileUpd8 for the very latest offers. 08000839402 or call2optout/LF56,,,"
ham,"Ok lor... But buy wat?,,,"
spam,"HOT LIVE FANTASIES call now 08707509020 Just 20p per min NTT Ltd, PO Box 1327 Croydon CR9 5WB 0870..k"""",,,"
spam,"Please call our customer service representative on 0800 169 6031 between 10am-9pm as you have WON a guaranteed å£1000 cash or å£5000 prize!,,,"
spam,"FREE MESSAGE Activate your 500 FREE Text Messages by replying to this message with the word FREE For terms & conditions, visit www.07781482378.com"""",,,"
ham,"\I;m reaching in another 2 stops.\"""""""""""""""""""",,,"
spam,"Congrats 2 mobile 3G Videophones R yours. call 09063458130 now! videochat wid ur mates, play java games, Dload polypH music, noline rentl. bx420. ip4. 5we. 150p"""",,,"
ham,"No message..no responce..what happend?,,,"
spam,"Please call our customer service representative on FREEPHONE 0808 145 4742 between 9am-11pm as you have WON a guaranteed å£1000 cash or å£5000 prize!,,,"
spam,"URGENT! Your Mobile number has been awarded with a å£2000 prize GUARANTEED. Call 09061790126 from land line. Claim 3030. Valid 12hrs only 150ppm,,,"
spam,"WINNER!! As a valued network customer you have been selected to receivea å£900 prize reward! To claim call 09061701461. Claim code KL341. Valid 12 hours only.,,,"
ham,"God picked up a flower and dippeditinaDEW, lovingly touched itwhichturnedinto u, and the he gifted tomeandsaid,THIS FRIEND IS 4U"""",,,"
spam,"You have won ?1,000 cash or a ?2,000 prize! To claim, call09050000327. T&C: RSTM, SW7 3SS. 150ppm"""",,,"
spam,"You are awarded a SiPix Digital Camera! call 09061221061 from landline. Delivery within 28days. T Cs Box177. M221BP. 2yr warranty. 150ppm. 16 . p på£3.99,,,"
ham,":-( sad puppy noise,,,"
ham,"I thk 50 shd be ok he said plus minus 10.. Did Ì_ leave a line in between paragraphs?,,,"
spam,"Win the newest åÒHarry Potter and the Order of the Phoenix (Book 5) reply HARRY, answer 5 questions - chance to be the first among readers!"""",,,"
ham,"I.ll get there tomorrow and send it to you,,,"
spam,"Get a brand new mobile phone by being an agent of The Mob! Plus loads more goodies! For more info just text MAT to 87021.,,,"
spam,"Not heard from U4 a while. Call me now am here all night with just my knickers on. Make me beg for it like U did last time 01223585236 XX Luv Nikiyu4.net,,,"
spam,"Your account has been credited with 500 FREE Text Messages. To activate, just txt the word: CREDIT to No: 80488 T&Cs www.80488.biz"""",,,"
spam,"New Tones This week include: 1)McFly-All Ab.., 2) Sara Jorge-Shock.. 3) Will Smith-Switch.. To order follow instructions on next message"""",,,"
ham,"Y?WHERE U AT DOGBREATH? ITS JUST SOUNDING LIKE JAN C THATåÕS AL!!!!!!!!!,,,"
ham,"Got it! It looks scrumptious... daddy wants to eat you all night long!,,,"
spam,"Update_Now - Xmas Offer! Latest Motorola, SonyEricsson & Nokia & FREE Bluetooth! Double Mins & 1000 Txt on Orange. Call MobileUpd8 on 08000839402 or call2optout/F4Q="""",,,"
ham,"Hello, my love. What are you doing? Did you get to that interview today? Are you you happy? Are you being a good boy? Do you think of me?Are you missing me ?"""",,,"
spam,"You are being contacted by our Dating Service by someone you know! To find out who it is, call from your mobile or landline 09064017305 PoBox75LDNS7 """",,,"
ham,"I got it before the new year cos yetunde said she wanted to surprise you with it but when i didnt see money i returned it mid january before the  &lt;#&gt; day return period ended.,,,"
ham,"New car and house for my parents.:)i have only new job in hand:),,,"
spam,"Hi. Customer Loyalty Offer:The NEW Nokia6650 Mobile from ONLY å£10 at TXTAUCTION! Txt word: START to No: 81151 & get yours Now! 4T&Ctxt TC 150p/MTmsg,,,"
spam,"What do U want for Xmas? How about 100 free text messages & a new video phone with half price line rental? Call free now on 0800 0721072 to find out more!,,,"
ham,"1. Tension face 2. Smiling face 3. Waste face 4. Innocent face 5.Terror face 6.Cruel face 7.Romantic face 8.Lovable face 9.decent face  &lt;#&gt; .joker face.,,,"
spam,"This is the 2nd time we have tried 2 contact u. U have won the å£750 Pound prize. 2 claim is easy, call 087187272008 NOW1! Only 10p per minute. BT-national-rate."""",,,"
ham,"No break time one... How... I come out n get my stuff fr Ì_?,,,"
spam,"FREE entry into our å£250 weekly competition just text the word WIN to 80086 NOW. 18 T&C www.txttowin.co.uk,,,"
spam,"You are a winner U have been specially selected 2 receive å£1000 or a 4* holiday (flights inc) speak to a live operator 2 claim 0871277810910p/min (18+) ,,,"
spam,"Congratulations! Thanks to a good friend U have WON the å£2,000 Xmas prize. 2 claim is easy, just call 08718726971 NOW! Only 10p per minute. BT-national-rate."""",,,"
spam,"85233 FREE>Ringtone!Reply REAL,,,"
spam,"SMS SERVICES. for your inclusive text credits, pls goto www.comuk.net login= 3qxj9 unsubscribe with STOP, no extra charge. help 08702840625.COMUK. 220-CM2 9AE"""",,,"
ham,"Actually fuck that, just do whatever, do find an excuse to be in tampa at some point before january though"""",,,"
ham,"Also remember to get dobby's bowl from your car,,,"
ham,"Oh... I was thkin of goin yogasana at 10 den no nd to go at 3 den can rush to parco 4 nb... Okie lor, u call me when ready..."""",,,"
ham,"No prob. I will send to your email.,,,"
ham,"A bit of Ur smile is my hppnss, a drop of Ur tear is my sorrow, a part of Ur heart is my life, a heart like mine wil care for U, forevr as my GOODFRIEND"""",,,"
spam,"England v Macedonia - dont miss the goals/team news. Txt ur national team to 87077 eg ENGLAND to 87077 Try:WALES, SCOTLAND 4txt/Ì¼1.20 POBOXox36504W45WQ 16+"""",,,"
ham,"Ok that's great thanx a lot.,,,"
ham,"I though we shd go out n have some fun so bar in town or something ÛÒ sound ok?,,,"
spam,"Warner Village 83118 C Colin Farrell in SWAT this wkend @Warner Village & get 1 free med. Popcorn!Just show msg+ticket@kiosk.Valid 4-7/12. C t&c @kiosk. Reply SONY 4 mre film offers,,,"
spam,"Adult 18 Content Your video will be with you shortly,,,"
spam,"U have a secret admirer who is looking 2 make contact with U-find out who they R*reveal who thinks UR so special-call on 09058094565,,,"
spam,"Urgent -call 09066649731from Landline. Your complimentary 4* Ibiza Holiday or å£10,000 cash await collection SAE T&Cs PO BOX 434 SK3 8WP 150ppm 18+"""",,,"
spam,"URGENT! Your mobile No *********** WON a å£2,000 Bonus Caller Prize on 02/06/03! This is the 2nd attempt to reach YOU! Call 09066362220 ASAP! BOX97N7QP, 150ppm"""",,,"
spam,"You have won a guaranteed å£200 award or even å£1000 cashto claim UR award call free on 08000407165 (18+) 2 stop getstop on 88222 PHP,,,"
spam,"Wanna have a laugh? Try CHIT-CHAT on your mobile now! Logon by txting the word: CHAT and send it to No: 8883 CM PO Box 4217 London W1A 6ZF 16+ 118p/msg rcvd,,,"
ham,"I'm so in love with you. I'm excited each day i spend with you. You make me so happy.,,,"
spam,"Well done ENGLAND! Get the official poly ringtone or colour flag on yer mobile! text TONE or FLAG to 84199 NOW! Opt-out txt ENG STOP. Box39822 W111WX å£1.50,,,"
ham,"They can try! They can get lost, in fact. Tee hee"""",,,"
ham,"The sign of maturity is not when we start saying big things.. But actually it is, when we start understanding small things... *HAVE A NICE EVENING* BSLVYL"""",,,"
ham,"Am okay. Will soon be over. All the best,,,"
ham,"Sorry, I guess whenever I can get a hold of my connections, maybe an hour or two? I'll text you"""",,,"
ham,"Ok.,,,"
spam,"4mths half price Orange line rental & latest camera phones 4 FREE. Had your phone 11mths+? Call MobilesDirect free on 08000938767 to update now! or2stoptxt T&Cs,,,"
ham,"1) Go to write msg 2) Put on Dictionary mode 3)Cover the screen with hand, 4)Press  &lt;#&gt; . 5)Gently remove Ur hand.. Its interesting..:)"""",,,"
spam,"Want 2 get laid tonight? Want real Dogging locations sent direct 2 ur mob? Join the UK's largest Dogging Network bt Txting GRAVEL to 69888! Nt. ec2a. 31p.msg@150p,,,"
spam,"U are subscribed to the best Mobile Content Service in the UK for å£3 per ten days until you send STOP to 83435. Helpline 08706091795.,,,"
spam,"-PLS STOP bootydelious (32/F) is inviting you to be her friend. Reply YES-434 or NO-434 See her: www.SMS.ac/u/bootydelious STOP? Send STOP FRND to 62468,,,"
spam,"T-Mobile customer you may now claim your FREE CAMERA PHONE upgrade & a pay & go sim card for your loyalty. Call on 0845 021 3680.Offer ends 28thFeb.T&C's apply,,,"
spam,"YOU 07801543489 are guaranteed the latests Nokia Phone, a 40GB iPod MP3 player or a å£500 prize! Txt word:COLLECT to No:83355! TC-LLC NY-USA 150p/Mt msgrcvd18+"""",,,"
spam,"You are now unsubscribed all services. Get tons of sexy babes or hunks straight to your phone! go to http://gotbabes.co.uk. No subscriptions.,,,"
ham,"I am not at all happy with what you saying or doing,,,"
ham,"Hope you are feeling great. Pls fill me in. Abiola,,,"
ham,"Sorry, I'll call later"""",,,"
spam,"Please CALL 08712402902 immediately as there is an urgent message waiting for you.,,,"
spam,"You are guaranteed the latest Nokia Phone, a 40GB iPod MP3 player or a å£500 prize! Txt word: COLLECT to No: 83355! IBHltd LdnW15H 150p/Mtmsgrcvd18+"""",,,"
ham,"Cool. So how come you havent been wined and dined before?,,,"
spam,"U've been selected to stay in 1 of 250 top British hotels - FOR NOTHING! Holiday valued at å£350! Dial 08712300220 to claim - National Rate Call. Bx526, SW73SS"""",,,"
ham,"The beauty of life is in next second.. which hides thousands of secrets. I wish every second will be wonderful in ur life...!! gud n8,,,"
ham,"Japanese Proverb: If one Can do it, U too Can do it, If none Can do it,U must do it Indian version: If one Can do it, LET HIM DO it.. If none Can do it,LEAVE it!! And finally Kerala version: If one can do it, Stop him doing it.. If none can do it, Make a strike against it ..."""",,,"
ham,"Hey come online! Use msn... We are all there,,,"
spam,"I don't know u and u don't know me. Send CHAT to 86688 now and let's find each other! Only 150p/Msg rcvd. HG/Suite342/2Lands/Row/W1J6HL LDN. 18 years or over.,,,"
ham,"You bad girl. I can still remember them,,,"
spam,"Natalja (25/F) is inviting you to be her friend. Reply YES-440 or NO-440 See her: www.SMS.ac/u/nat27081980 STOP? Send STOP FRND to 62468,,,"
spam,"Filthy stories and GIRLS waiting for your,,,"
ham,"Lmao. Take a pic and send it to me.,,,"
ham,"Can Ì_ call me at 10:10 to make sure dat i've woken up...,,,"
ham,"Watching ajith film ah?,,,"
spam,"\For the most sparkling shopping breaks from 45 per person; call 0121 2025050 or visit www.shortbreaks.org.uk\"""""""""""""""""""",,,"
spam,"1000's flirting NOW! Txt GIRL or BLOKE & ur NAME & AGE, eg GIRL ZOE 18 to 8007 to join and get chatting!"""",,,"
spam,"Sunshine Quiz! Win a super Sony DVD recorder if you canname the capital of Australia? Text MQUIZ to 82277. B,,,"
spam,"Xmas Offer! Latest Motorola, SonyEricsson & Nokia & FREE Bluetooth or DVD! Double Mins & 1000 Txt on Orange. Call MobileUpd8 on 08000839402 or call2optout/4QF2"""",,,"
spam,"important information 4 orange user . today is your lucky day!2find out why log onto http://www.urawinner.com THERE'S A FANTASTIC SURPRISE AWAITING YOU!,,,"
spam,"Dear Voucher Holder 2 claim your 1st class airport lounge passes when using Your holiday voucher call 08704439680. When booking quote 1st class x 2,,,"
ham,"Oooh bed ridden ey? What are YOU thinking of?,,,"
spam,"Ur HMV Quiz cash-balance is currently å£500 - to maximize ur cash-in now send HMV1 to 86688 only 150p/msg,,,"
spam,"Camera - You are awarded a SiPix Digital Camera! call 09061221066 fromm landline. Delivery within 28 days.,,,"
ham,"Wat time Ì_ finish?,,,"
ham,"Same here, but I consider walls and bunkers and shit important just because I never play on peaceful but I guess your place is high enough that it don't matter"""",,,"
ham,"Nope... Think i will go for it on monday... Sorry i replied so late,,,"
ham,"Watching cartoon, listening music &amp; at eve had to go temple &amp; church.. What about u?"""",,,"
spam,"GENT! We are trying to contact you. Last weekends draw shows that you won a å£1000 prize GUARANTEED. Call 09064012160. Claim Code K52. Valid 12hrs only. 150ppm ,,,"
spam,"Had your mobile 11 months or more? U R entitled to Update to the latest colour mobiles with camera for Free! Call The Mobile Update Co FREE on 08002986030,,,"
ham,"Not yet chikku..wat abt u?,,,"
